0.03229638984480161,-0.04882557438030691,0.0,0.0,0.551692827420871,0.8340473752565648,0.0,-0.6414594712137456
0.032296926545553536,-0.048825865766539814,7.254967713037171e-05,-6.939828440267105e-05,0.5519344985179467,0.8338874680349517,0.0005184429521093443,-0.6414589320891646
0.030096619047432917,-0.05080061969096189,-0.24448687331047292,-0.20948766361032883,0.5490331192159268,0.8358005946420652,-0.005196854670086629,-0.6409533282980993
0.027220032631384772,-0.05299163845659886,-0.307223373574359,-0.2266406872810099,0.5467542938410298,0.8372931040958099,-0.0007357155991276597,-0.6404261473231038
0.0236278770451654,-0.0556082645125136,-0.38233385474801573,-0.280980685643498,0.544606470922013,0.8386917144158935,-0.002413633303358465,-0.6395801716672819
0.019412698623226976,-0.05859390657916558,-0.45319877677188447,-0.30595292190582374,0.5424578510202928,0.8400830196274924,-0.0024677970007599935,-0.6382740025917424
0.014613419615695811,-0.0618795914641372,-0.5037322349620964,-0.3308456946012035,0.5410635170219092,0.8409817302105214,-0.0022886686019573236,-0.6364182740668916
0.00928734461149802,-0.06542211414938053,-0.5468508633969891,-0.3690251502491329,0.5405408513592493,0.8413177687484188,-0.0006923647483156125,-0.6339219568259826
0.0034018779348380978,-0.06926186782954467,-0.6103317092840018,-0.4037959888409681,0.5404266509844726,0.8413911307505606,0.0006699087581481214,-0.6306546388810264
-0.002912830901952034,-0.07339501640473028,-0.647796575361044,-0.4187710385495368,0.5411707234169375,0.840912747029315,0.0015665448234525503,-0.6265472055200485
-0.009689495297128082,-0.07770008985356067,-0.6930660823501585,-0.4456221284378568,0.5429207869961981,0.8397839121151518,0.0034485702699839737,-0.6216980825115728
-0.016918545082270815,-0.08230298487977143,-0.7366889675466761,-0.4842648000609597,0.5457090700938735,0.837974707743187,0.0038969957892380086,-0.6159760838342991
-0.02448512194626129,-0.08714323819655542,-0.764750333131011,-0.49689449154748216,0.5494802231830738,0.8355067230912504,0.004250641995143779,-0.6094822384274508
-0.03236763343031868,-0.09215436632027763,-0.8032202853127683,-0.517542013665058,0.5532061895860829,0.8330443636467669,0.003810605017113833,-0.6023266109640327
-0.04045003101793284,-0.09743394811670078,-0.8197292338882549,-0.5421361050918572,0.5558484559069415,0.831283642366352,0.002910847433766755,-0.594503178934341
-0.04873989555810311,-0.10275867220021893,-0.8411118624538897,-0.5338088719003187,0.5587172132253905,0.8293582311918376,0.0043854006841292275,-0.5862682008787039
-0.0572204066404896,-0.10837616235676356,-0.8620945957002017,-0.5700446663843229,0.5610981513383662,0.8277492763903017,0.0012602180368386005,-0.5774456548983979
-0.06590108045341207,-0.11424980901900901,-0.885399282582198,-0.6042165724269295,0.5625765892976077,0.826745173057739,0.0012360563298789839,-0.5681062121788629
-0.07485162685012377,-0.12025754168983877,-0.9005501263261504,-0.6010509462744424,0.5644919886747556,0.82543854690826,0.0019294356221447725,-0.558350282826285
-0.08403870572142144,-0.12647401169860853,-0.933135230160349,-0.6208809455695453,0.5661445781809978,0.824305960548788,0.002400022723969374,-0.548150799493473
-0.09339884690054173,-0.13291769850046106,-0.9422008033652184,-0.6544215297405913,0.5671289750763282,0.8236289975643606,0.0015518303986484716,-0.5375485944135592
-0.10291788258550412,-0.1396359728991384,-0.9623659896381601,-0.6861812887923743,0.5657628895840736,0.824567979471359,-0.0022138367555747693,-0.5265344544776326
-0.11267105277484205,-0.14656773959511094,-0.9895811595099473,-0.7035694513700141,0.5636051855647386,0.8260443055941592,-0.0030119148399165886,-0.5151301311099845
-0.12263755611609217,-0.15359488038186353,-1.0002929541986054,-0.7230075934824378,0.5619992122587477,0.8271377668928841,-0.0008730927387957514,-0.503451386548654
-0.13277552589080263,-0.16071383779058313,-1.0154009967493907,-0.7329531611142037,0.5601659161060522,0.8283804358101822,-0.0024681794046666657,-0.4915335088486472
-0.14315307434924654,-0.16802401534600395,-1.0555718599643027,-0.7317391198976129,0.5562305969979755,0.8310279916845617,-0.004977450304452592,-0.4792628884201049
-0.15364646979436253,-0.17556204019234217,-1.0464955473806077,-0.7628842515829316,0.5508985134104528,0.8345722424824307,-0.008683199289049315,-0.4666991906641395
-0.16424092654369501,-0.18317052671698061,-1.061832889591635,-0.7561835528191571,0.5435192086647209,0.8393967296889329,-0.00912884031777527,-0.4539786110727209
-0.17485050702831778,-0.19082787307025464,-1.0608593405642852,-0.7620977720445691,0.5340875327244438,0.845429185318508,-0.014192465531771595,-0.4411796434810874
-0.18548568514298303,-0.19856332125771498,-1.0751803569008103,-0.7758452445969551,0.5216382554283223,0.8531667659219363,-0.01662948871944578,-0.4282789446107344
-0.19628686336242523,-0.2064130927273975,-1.0958455507486935,-0.7994178000143024,0.5056918463314231,0.8627141801048109,-0.020452978658420818,-0.41515811828674387
-0.2073199021111551,-0.21430138673302765,-1.1148177740047394,-0.7804462239262553,0.48730638950585226,0.873231059197261,-0.023714626986763142,-0.40182785816398336
-0.21854256205148093,-0.22223143767073072,-1.142317837565058,-0.7900648847377433,0.46492333115775514,0.8853509451879384,-0.02694746560057365,-0.38831480093333715
-0.2299921391536438,-0.2302930538487511,-1.1505127195494151,-0.8065259807128807,0.43761101027242333,0.8991643919152652,-0.03354026531828787,-0.3745291491954267
-0.24166608239973733,-0.23824005955143465,-1.1939298948641315,-0.7963347711849713,0.40666277473954554,0.9135783423665064,-0.03669944027693809,-0.3606464655296666
-0.2536069518428378,-0.24597593278127936,-1.20088049492697,-0.7778551111657681,0.3725462368800995,0.9280136321124149,-0.03588921041363446,-0.3467003459800223
-0.26593707415843004,-0.25351670779737473,-1.23921260450878,-0.7405779139689447,0.33247833980213476,0.9431108914451238,-0.045360484323688666,-0.3325857262647982
-0.27849422246832173,-0.26084696301937943,-1.2803164866758912,-0.71062290730824,0.2880020525191598,0.9576297915921117,-0.049777627324318056,-0.3184240965880202
-0.291564729436156,-0.2677188362568036,-1.3201545892697768,-0.6600313957064434,0.2386607997679857,0.9711029928149256,-0.051190045099787446,-0.304167501665318
-0.30477363023781434,-0.2743226946652994,-1.3069555517192335,-0.6521066049335412,0.18251013970689065,0.9832039711596833,-0.05995147445894734,-0.28995133642850746
-0.3180410340928659,-0.2804010009072006,-1.3560118481386711,-0.5489929390629653,0.1213964471610538,0.9926041016521506,-0.06259517741807756,-0.2760013907138146
-0.3320142606558566,-0.28534245994141694,-1.420520711525762,-0.4587245787644074,0.0623209879216347,0.9980561579713194,-0.05710492919403414,-0.2622171900082482
-0.3464443098755048,-0.2897258982758339,-1.448562734216536,-0.42111976843621785,-0.0006782562034025651,0.9999997699842348,-0.06636511295031804,-0.24837542584924188
-0.36129534538906705,-0.29334483424317187,-1.4935165261683825,-0.33839781407282854,-0.06744851138648857,0.9977227562362937,-0.06813657455059584,-0.23461250728349042
-0.3763675593215682,-0.296035702091252,-1.514420880474581,-0.2523380633399902,-0.131756162073148,0.9912821564800578,-0.06547697379224629,-0.22115798364979017
-0.3913991093991748,-0.29780210282835207,-1.5083083507367585,-0.12243793939418826,-0.1974574161464469,0.9803114652031614,-0.06580802452460037,-0.20818768286321304
-0.4064283542782514,-0.29900980328932597,-1.4988802024750256,-0.06048446503273308,-0.27056419815888516,0.9627019344920004,-0.07245867760116063,-0.195430015137197
-0.42152623534093697,-0.2989082743619043,-1.520630101086649,0.09334476328223534,-0.3382745649488149,0.941047458265889,-0.06806906121469491,-0.18325003767516881
-0.43626240731107624,-0.2987008235228546,-1.456145469347834,0.056857171801410186,-0.41665669241805087,0.9090639145094527,-0.08596361097744977,-0.17127788961867035
-0.4504623520405997,-0.2974418239125862,-1.4044508986274356,0.20303775293239143,-0.4894586969122076,0.8720264812590289,-0.0813371169254082,-0.16019636049912078
-0.464262488823778,-0.29493979284914257,-1.3660893643259664,0.31880875603676767,-0.5563664250658222,0.8309370620326649,-0.08287553620292568,-0.14997350978817056
-0.4777250974071658,-0.2913751636957157,-1.321836007356355,0.41088488988972094,-0.618114144336633,0.786088356720154,-0.07494642131205687,-0.14042806118302256
-0.4906049178768145,-0.28648748997907014,-1.2615096805903463,0.557945881817442,-0.6717154674874295,0.7408092404513758,-0.07040591528433097,-0.13187301827899098
-0.5029606619274942,-0.28026366797471153,-1.233829020036689,0.5966242795249298,-0.7176052842661372,0.6964500384042753,-0.07150313405671012,-0.12422473912716389
-0.5148476138653812,-0.27320997995303686,-1.1656478879478156,0.7650583825760301,-0.7596059866333665,0.6503835369001508,-0.05892569950449753,-0.11715202784189467
-0.5262415228586123,-0.26522799314566625,-1.1137409034562755,0.8556606878697667,-0.7973970020352127,0.6034550696988592,-0.05591318862406245,-0.11069869444516849
-0.537225617548994,-0.25657596220227286,-1.092056545292288,0.8708897279523349,-0.8318062565182403,0.5550660786042608,-0.06145988267448328,-0.10464918868710678
-0.5477060779225917,-0.24731471198297103,-1.0308655915982958,0.9814132839634042,-0.8640957508759246,0.5033274613193404,-0.061571297854275876,-0.09904533069742438
-0.5575763926311051,-0.23692781769342475,-0.9552159523994274,1.0711704472336163,-0.892305760198546,0.4514315344728308,-0.05610150217143728,-0.09417310688903466
-0.5669149821998768,-0.22586949776338067,-0.9227911883241846,1.132539247723626,-0.9168217060531584,0.39929683107905545,-0.059970101926470155,-0.08974626009948254
-0.5754667879169444,-0.21402401894745174,-0.8280259575413201,1.2109729546589754,-0.9382494496832485,0.34595949209276117,-0.053818614034244996,-0.08602255360488646
-0.5832294106553667,-0.20168701299723757,-0.7549799636216836,1.2385236776047388,-0.9551186394862206,0.29622353806878926,-0.050217186465282185,-0.08288234779326373
-0.5901290011150105,-0.1889504491487557,-0.6604681078186369,1.2874060360605326,-0.9684683632905576,0.24913656757952815,-0.047041074440858296,-0.08035937012610557
-0.5963113231982045,-0.17540358746733462,-0.591656667801744,1.3938262329314575,-0.9794623424391133,0.20162718007174854,-0.046613044931241805,-0.07842650259940749
-0.6016331596048485,-0.16112229269249934,-0.48887883370587837,1.4576708765973174,-0.9872635792048208,0.1590931336534874,-0.04141433893573794,-0.07716546985688044
-0.6060895362996384,-0.14649616426992434,-0.4110896933046803,1.4728390581016426,-0.9925322033851975,0.12198288914156993,-0.03355476286043642,-0.07645717696559826
-0.6098583954829476,-0.131513581143099,-0.34760721413613443,1.5310340038497137,-0.9960463801494447,0.08883472626843517,-0.03160076913856801,-0.07612254042470994
-0.6127829677390412,-0.11612157956355634,-0.291111060039928,1.5559164193310167,-0.9982987215231932,0.058306625739773056,-0.027060720332336835,-0.07631162685889192
-0.6151881768098074,-0.10025084846036492,-0.2192857671743292,1.6208834072298697,-0.9995096682302413,0.03131170890055923,-0.02627699808738947,-0.07669692323589654
-0.6170154526938537,-0.08379844852897883,-0.16050599515654534,1.6500528466197142,-0.999973914956904,0.0072228391759998735,-0.02278573932682983,-0.07732010724701813
-0.6182197662358697,-0.06709387469899657,-0.11133666287281024,1.6939296665149766,-0.9999050379887925,-0.013780965301157454,-0.02005411649214437,-0.07815012471911036
-0.6188456465254394,-0.05023973980181469,-0.0393054159703599,1.6716563772357038,-0.9995140015649125,-0.031173076134644172,-0.01289858343122349,-0.07911839640810499
-0.6191685611180496,-0.033444617647252706,-0.018566798291900742,1.673091591837894,-0.9989482621001639,-0.04585160462909135,-0.017005511874053504,-0.07992883511118913
-0.6189191357609364,-0.01688425302644304,0.019652350943476723,1.6605989487949713,-0.9983744837745183,-0.05699465016967898,-0.005719755751670676,-0.08085060396433778
-0.6183593825850524,-0.00022491085530663703,0.038239963371271585,1.6638800876996107,-0.997644681803026,-0.06859365036312826,-0.014137714498314378,-0.0816405765124462
-0.6176864611110912,0.016450792704998458,0.0989096789566209,1.6720144652102003,-0.9970392963437634,-0.07689370290428926,-0.005062202632466386,-0.0820945114173477
-0.6165007826675942,0.03347896999567604,0.11488686020204886,1.736118775372614,-0.9967852355509343,-0.08011987386203455,-0.003945933343024736,-0.08259085165368045
-0.6152738359164076,0.051058075684636196,0.1072533358677885,1.7658143535806285,-0.9964618390467564,-0.08404643551963265,-0.004540286656063289,-0.08261128917358027
-0.6140383702221368,0.06876667266179352,0.12711933152334384,1.7740438267713536,-0.996060731246979,-0.08867366952897114,-0.004933905355451459,-0.082123009512385
-0.6127523209236324,0.08652951412775417,0.1312377296892411,1.7788743835356435,-0.9955539434797894,-0.09419312937704089,-0.005778654263424287,-0.08116822672677566
-0.6114230933859623,0.10435007512012018,0.13373622959749343,1.7822903678825732,-0.9949290552388937,-0.1005791978564257,-0.0068368933796483,-0.07973623570029993
-0.6099992412476538,0.1220657710931896,0.1306143150502978,1.7564511977480421,-0.9941060673758879,-0.10841183886663949,-0.009251056396993284,-0.07790746122840515
-0.6086109549084733,0.13930103786915127,0.14429864379474383,1.6930072147628972,-0.9931078306136099,-0.11720425237135947,-0.009243186256018261,-0.07565067983858072
-0.6073407781354923,0.15619012494721052,0.12870217637813436,1.6792092739529407,-0.9918030461383979,-0.12777604497946782,-0.012671796327443922,-0.07289699736227515
-0.6058990103219424,0.17278460082025304,0.13094113429965742,1.6709790063348218,-0.989962558443248,-0.14132987256945537,-0.01269651109113412,-0.06994593169337975
-0.6045293437304586,0.18949274044816794,0.12366374524540016,1.6826390731651584,-0.987289270183081,-0.15893362445171644,-0.018937873609121466,-0.06646765977281355
-0.6028889475782876,0.20616134829828558,0.15719630133230936,1.6745229413073281,-0.9837225394313662,-0.17969408842447873,-0.022021280907542705,-0.06283629682457414
-0.6011691878394384,0.2228192176627185,0.16907749369942598,1.6547087677907206,-0.9793674079445754,-0.2020878033329173,-0.024688829057368977,-0.05886600763385204
-0.5991360315252546,0.23926251158447728,0.2076970402701773,1.6505471031615773,-0.9737357196301084,-0.2276812427856875,-0.025758442803802923,-0.05485619144136322
-0.5969674536025388,0.25557745576106294,0.1969890561314426,1.6217234825531441,-0.9675850599873603,-0.2525453458079494,-0.024496643904508914,-0.050623393896887234
-0.5947445121447662,0.27164994028068795,0.2245007497145152,1.592458762084728,-0.9587730897848002,-0.28417276840772004,-0.028461178239802373,-0.04615389824453553
-0.592266627352254,0.2875123726226166,0.26494081699150457,1.5804384211342708,-0.946272767912555,-0.3233695234667486,-0.04081753176297506,-0.04163602598084086
-0.5894980243391098,0.3030324735763787,0.3129017294295575,1.5334979085504734,-0.9320425607829547,-0.3623488165968701,-0.04393201198193086,-0.037175286563987345
-0.5858865591195056,0.3182368875896626,0.38918552787337746,1.5134357878090625,-0.9174339366533523,-0.3978881399045877,-0.03649985263151342,-0.0332633377564651
-0.5816024471930916,0.33312102020579254,0.43293372339545594,1.4830927857787781,-0.9023489331368096,-0.4310062677814109,-0.036252594781682204,-0.02975301516236497
-0.5767294909792803,0.347994340122698,0.5217617681224878,1.4762077462344199,-0.8844517175905223,-0.46663171693657385,-0.03821764717843873,-0.026414840927554462
-0.5714300695559015,0.3627103798689848,0.5365973661592299,1.4532667527806267,-0.8653974822933439,-0.5010860182048003,-0.03687636354366881,-0.023175691883509764
-0.5655815062058178,0.37714394893045117,0.6256167168955307,1.4341673632880836,-0.8467690470256704,-0.5319606949758958,-0.03935887102140367,-0.020205914723512564
-0.5588189856641688,0.39158542029755194,0.7261067097432675,1.4246387241832155,-0.8261921260693977,-0.5633884723891042,-0.03249669532148833,-0.017638072480343592
-0.5515183027611299,0.4058666789077169,0.7479045784486862,1.4103575642962818,-0.8067882719064882,-0.5908406589886502,-0.030336689536814572,-0.015237121823841094
-0.5438940817794202,0.4199833753163419,0.7959619150640812,1.3964421398374447,-0.7840020413761196,-0.6207582453081693,-0.040577835989650625,-0.012826944840831356
-0.5357387424548963,0.43375766161964613,0.8367067446856388,1.362234655388139,-0.759665543368086,-0.6503139720314108,-0.03608594608561893,-0.010680256208414552
-0.5270374351629782,0.44726018941779533,0.8945824558173692,1.3384441562731821,-0.7352300199671622,-0.6778176876853291,-0.03645134946029445,-0.008761882488232153
-0.5176917726268946,0.46049691557013644,0.984046508927394,1.3010841089160887,-0.7085064966333388,-0.7057042895068393,-0.03607816038633204,-0.007134803374288623
-0.5077898805805866,0.47344732864870154,1.0026797762291735,1.278386265139293,-0.681903060635633,-0.7314425581655447,-0.03656979170589233,-0.005735687346211105
-0.49755794618047067,0.4857816693598469,1.039330572629526,1.2041596790116877,-0.6565876609654137,-0.7542497222193503,-0.032967844029831696,-0.004624029683677033
-0.4866029391966178,0.49764676023720744,1.1409836209017752,1.1885638854166216,-0.6325762558799884,-0.7744980829523437,-0.030607017231681962,-0.00398655299672841
-0.4749905690195177,0.5090690280565194,1.1660084684307113,1.1433026543421914,-0.6108024212046452,-0.7917830525153612,-0.025865337180615344,-0.00374766357024372
-0.4628289749442207,0.5202213937674881,1.258936446638676,1.1119117527148643,-0.5900638163363414,-0.8073566081048649,-0.024600576120492743,-0.003694780587344759
-0.4499905044383183,0.531148734460121,1.2786966701734535,1.07412896211991,-0.571846854146441,-0.8203603936093081,-0.02084273888029732,-0.003860335706088236
-0.4370454995932702,0.541577809760868,1.3017002273088685,1.0292660674446155,-0.554720552495766,-0.832036723131132,-0.018272241165617913,-0.004072350929990698
-0.4240552256423029,0.551744427584801,1.2980439021958086,0.9870620956563592,-0.536941822378132,-0.8436192739507855,-0.022278468862642894,-0.0041230369056436626
-0.4108831002504574,0.5614944124450056,1.3275620010102647,0.9674193487335903,-0.5182512609140698,-0.8552284084155394,-0.02174570574963787,-0.00422640372144798
-0.39741091524968375,0.5710288177829972,1.3548621759804202,0.962579729824514,-0.4992832465763413,-0.8664388262815721,-0.021554854836909346,-0.004292197615810345
-0.3837788755732332,0.580381965070318,1.3762242597155767,0.9265878173769884,-0.47980944709519385,-0.877372722665917,-0.02221568474691381,-0.0042058848228601065
-0.36990291384848306,0.5894626443225413,1.3927402639773871,0.8919960889301108,-0.45931672471950746,-0.8882725631206584,-0.02421003019790183,-0.004087379964035254
-0.3559468341609917,0.598114061378801,1.4010205901977604,0.8616368221329236,-0.43822412470008637,-0.898865738879196,-0.022731143384317656,-0.003983779522146058
-0.3419077033151825,0.6065010823506443,1.4187964093041456,0.828721730709201,-0.4170167199212899,-0.9088988146686562,-0.025126970124180678,-0.0037640913607186023
-0.3275942920481289,0.6145226157008479,1.4543193412440598,0.7984963505842222,-0.39450768224503224,-0.9188926426137346,-0.023390607777038663,-0.003612130066636876
-0.312645093763734,0.6222758840392455,1.4942400361171697,0.7809231205263373,-0.3747627562571668,-0.927120745384619,-0.021745085363000457,-0.0035990878011729955
-0.29781063635564936,0.6297143359203917,1.4858336787109483,0.742787486673289,-0.35498456933255906,-0.9348721599961021,-0.02486811212530147,-0.003414527864514838
-0.28271704521362573,0.6367119299954065,1.4946985076464503,0.7053598298315261,-0.3338915003146401,-0.9426115138367654,-0.022260378539023046,-0.0033429757385643024
-0.26756652916067997,0.6434849445410145,1.5170022032867079,0.6619780612591941,-0.31034716953864666,-0.9506232873012057,-0.023747145027154637,-0.003103507414447204
-0.2523103104416417,0.6498472243640625,1.547420468333962,0.6259543799485753,-0.28658812801537215,-0.9580538841216839,-0.022253452615246094,-0.0028903186952330628
-0.2369272446942952,0.6559884201893982,1.5325532195626124,0.5821418712297981,-0.2635455434231628,-0.9646469543526224,-0.02621526017892341,-0.0025365051122654414
-0.22127618743645813,0.6614179348098399,1.5631522506200917,0.5216200356046006,-0.2417181209881649,-0.9703465102662817,-0.021300903135069015,-0.0025497611911456273
-0.20570786662152454,0.6666818220582275,1.570078915004008,0.5229168509973342,-0.21869582700563753,-0.975793080140621,-0.025460887576896227,-0.002303519965266698
-0.1897908814879233,0.6715578204190162,1.5880197463795704,0.45849102913871853,-0.19375158535417894,-0.9810506221254551,-0.02414932549919222,-0.0021386349267482176
-0.17384170870251553,0.6762542021134044,1.598108669014858,0.45275426502759847,-0.16886604344956824,-0.9856390106776863,-0.024597708194600654,-0.00175886288428444
-0.15790517724606143,0.6802813515524299,1.593195294012992,0.40819900492253613,-0.14678916658916802,-0.9891678020295936,-0.02548686808047589,-0.0016327883762649264
-0.1417291787891721,0.6842691041664785,1.6380641160224136,0.381671066123788,-0.11878006561314637,-0.9929205889762466,-0.028621339320220762,-0.0012072073661263615
-0.1253436695315595,0.6875706957277838,1.643616077277784,0.33289180608637264,-0.08934442231797471,-0.9960007902610656,-0.027990711757265703,-0.0010976483690832595
-0.10902243857455676,0.6904393468084683,1.624671413805081,0.24268982375786918,-0.06172814447501714,-0.9980929997648874,-0.02870640504258967,-0.0010061633075386211
-0.09280926782365043,0.6929676684819389,1.6192626716352445,0.20917785428179989,-0.03687503506464616,-0.999319884616023,-0.02343360849776154,-0.0008449744475433008
-0.07651068213163693,0.6949268964215123,1.6242880983692936,0.18605783566065442,-0.014349804777361395,-0.9998970362506592,-0.024815173901394726,-0.0008739199183858126
-0.06032270658752229,0.6965457047410468,1.6282445857764805,0.16138122232946953,0.010787687332558686,-0.9999418112080399,-0.02570434213488141,-0.0008471213509553266
-0.043840149677327446,0.6978779201583278,1.6603855081156107,0.11140897467062938,0.03881349939885096,-0.9992464722301578,-0.029578813228237178,-0.0007464335677337175
-0.027116457207189873,0.6986702191069945,1.6665642065891728,0.06092562098992943,0.06558545860743947,-0.9978469560104154,-0.02501108105656162,-0.0008037633693349199
-0.010644087616700798,0.6989479637138114,1.6464748146224482,0.016904190206646897,0.09085482808881305,-0.9958641474683944,-0.02691098071551395,-0.0009709930332824079
0.005762446267040547,0.6989132272942147,1.619989995168401,-0.0035309418148155537,0.11673211073197926,-0.9931634378711576,-0.02538975891656029,-0.0010630178093341768
0.022136475629964625,0.6985407274309927,1.6564141034548796,-0.04795895565953526,0.14107828302365946,-0.9899984434629663,-0.027016586823490847,-0.0011086125633423371
0.03851058292636007,0.6975253734581168,1.6319316163611857,-0.09868528193762285,0.1667046152010206,-0.9860068819590864,-0.026488079942512684,-0.0014123450738530608
0.05462803820940072,0.6963700945139427,1.5973771511778767,-0.15500405417919177,0.1910399314760491,-0.981582265824738,-0.026028922422357603,-0.001490493198578502
0.0707137266652169,0.6946851419240998,1.6247316452355058,-0.18116363952599568,0.21789287582110078,-0.975972691557715,-0.02974596329170557,-0.0017250702273568842
0.08698566660422934,0.6924687844692725,1.623083970588834,-0.21721112873393816,0.24442412036657524,-0.9696684223913999,-0.024376859392342534,-0.0020891721294661993
0.10308731174383662,0.6897983547987837,1.6323063160694453,-0.27904729072161155,0.26660778623988557,-0.963805109094296,-0.02656702900762134,-0.002541209729435323
0.11949130599935387,0.686605184057962,1.629304855775102,-0.3324285691031179,0.2917103691776417,-0.9565066965339262,-0.025601246286515236,-0.0030747163542571344
0.13567783890286786,0.6829984495737413,1.6067716568111887,-0.36694096214226246,0.3144516459112714,-0.9492734918787592,-0.023233797768335302,-0.003655718706984068
0.15175351434874282,0.6789242059190164,1.6102301831445183,-0.429182837180056,0.33550203247173593,-0.942039482297496,-0.02156873522063816,-0.004322483833233903
0.16774933869307695,0.6746342369931666,1.5784091037472412,-0.47226388350535053,0.35694930196389063,-0.9341237583037331,-0.023200932579257177,-0.004822904321987398
0.18344033167768312,0.6699384090098768,1.563866136483458,-0.45496394409864704,0.3778523987504135,-0.9258658459834008,-0.02245259941730339,-0.005400959435802743
0.19899581900784205,0.6648635194344985,1.5757195943807958,-0.5300058568438216,0.3989866082069632,-0.9169567527814511,-0.02299321153790991,-0.005995075336327727
0.21454341898779555,0.6594317564901955,1.5325674804735192,-0.5507157980999765,0.4200803865440588,-0.9074868973384651,-0.023791930622056208,-0.0065455169236288135
0.22996201875849231,0.653518736158233,1.5447856569511422,-0.5919441641126194,0.43988491044553657,-0.8980541551389438,-0.02176065582048273,-0.007201855818496572
0.24523343877469472,0.647205957082154,1.5377540679145256,-0.6465410309779438,0.45878383000356204,-0.888547915043,-0.02012860836853528,-0.007890911506077103
0.2603648874764229,0.6406173854730787,1.4939161059929218,-0.6562856292239161,0.4770822994812215,-0.8788586231708203,-0.023180070137988836,-0.008494028080036475
0.27539781053838003,0.6335859895827267,1.4922345288587673,-0.7153053991160119,0.49594737082185136,-0.8683525812565382,-0.020915429003445063,-0.009148959438536775
0.29037113536019626,0.6263840066407851,1.4928544151022436,-0.7723932052814058,0.5154516214536892,-0.8569186810548377,-0.018746348132956274,-0.009585399903990677
0.30524331382427206,0.6188607117920119,1.4851972649523908,-0.759608196317638,0.5323872756440204,-0.8465009088786247,-0.016122528215285526,-0.009955029556668294
0.32015276174379553,0.6110867493625185,1.4871916798829656,-0.7906599787360604,0.5560093630493057,-0.831176027205733,-0.028423259766194555,-0.010126963783458986
0.3350294009168039,0.6032492351096064,1.4905713246082195,-0.8162888369901883,0.5808670094365962,-0.8139984750281694,-0.030420121490809745,-0.009960624935795703
0.3496335223807079,0.5948039637273305,1.4364299218314327,-0.8561036286442979,0.6037748670233961,-0.7971548845430732,-0.028885145761432387,-0.010046845620599765
0.36373283496542225,0.5862051799365527,1.3938747564167382,-0.8536613532115893,0.626452541152309,-0.7794595651371626,-0.02802344688267927,-0.010117337356250644
0.37741752940976914,0.5773826404897735,1.3524105756687665,-0.903049102209394,0.6491115742368802,-0.7606932129260253,-0.02830158878676169,-0.010206766454818795
0.39073521629358116,0.5681905217233447,1.3298698644584084,-0.9303352582083467,0.6703788495108409,-0.7420190011910216,-0.029540702368375995,-0.010424421670663975
0.4041753899433144,0.5586650683770678,1.331347300427489,-0.9764735449710658,0.695253348047436,-0.7187647612597816,-0.03308583089839912,-0.010460730298423116
0.4172346793009733,0.5488578420981151,1.279850023509905,-0.9851132980691634,0.7206906642361636,-0.6932567825004221,-0.03635473818384654,-0.010558408243319484
0.4297817248167237,0.5389040318526975,1.2374962296691343,-1.0273290744430137,0.7447663534491822,-0.667325317045598,-0.0367409074949985,-0.010703339240983035
0.44193532928560053,0.528227259288163,1.207901184344936,-1.0709947679189644,0.7684246664957244,-0.6399402565247281,-0.03512815437276474,-0.011283169418768679
0.4537337240431965,0.5171887809693917,1.1706039788599103,-1.107313866700937,0.7899018445550432,-0.6132332965263223,-0.034920166730835596,-0.011989442308686015
0.4651090256341774,0.5060623390991167,1.1062094888197103,-1.121230578594984,0.8119975445442049,-0.5836608498556177,-0.036441483639482596,-0.012667841010735703
0.47598740707853965,0.4946175925002025,1.0676640342454957,-1.1653489126182832,0.8335907174748014,-0.552382580952591,-0.036804799755701056,-0.01355220554797638
0.48640501093055377,0.48269618724797064,1.0367042727150368,-1.1999505738059977,0.8527044291771395,-0.5223936795767046,-0.03798943780279957,-0.014736952811491478
0.496422227177297,0.4703935311235714,0.9838596343174255,-1.2556232267640879,0.871661419213475,-0.49010852905734104,-0.03597914998551219,-0.016110314627738997
0.5061363133367047,0.4576530164889292,0.970717665836894,-1.2829277499445317,0.8904680652166643,-0.4550457392716586,-0.04023836302768721,-0.017636276477502832
0.5153715481284629,0.4445414654184283,0.9093326228261659,-1.3046680394392869,0.908254018058705,-0.4184192140428275,-0.03979781465631078,-0.019393691553852753
0.524017858401124,0.4313778782985009,0.843027401525698,-1.3144460288847595,0.9247853601160598,-0.3804892084080827,-0.0403784702895755,-0.02126471300762862
0.5319207793339188,0.41799539473565245,0.7644121329618733,-1.3613807229506842,0.9387503477021507,-0.34459800447636274,-0.038611269762687424,-0.02349437141482902
0.5393335693195285,0.40385464349803946,0.7373903934166871,-1.4538367714272245,0.9514044738322738,-0.30794403253178093,-0.037895162609387884,-0.02622016053471059
0.5461251536078063,0.3892699774405009,0.6595396663214318,-1.4552447054370161,0.962054645849939,-0.2728568459807245,-0.03520373880602647,-0.02934077301532776
0.5522700577647924,0.37466683869236306,0.5530951753402308,-1.4903156872625707,0.9706981931098628,-0.24030193068980502,-0.033073914354054955,-0.032633940989462484
0.5577401291390057,0.3596876389264423,0.5331262909329351,-1.528107763665663,0.9776175713289107,-0.2103898387017837,-0.029763556414948995,-0.03633649396062655
0.56260128730145,0.34403177439278937,0.44628514307966716,-1.5833185759965882,0.9830498317451031,-0.18333856197190146,-0.027282260649907443,-0.04054714325806454
0.5668249766683966,0.3281381362581035,0.3852572685183826,-1.5719581887769523,0.9869758344781808,-0.1608685866044033,-0.017441268021706053,-0.04504565758972943
0.5707212504089736,0.31223322589652364,0.35450210619997424,-1.607424896055131,0.9902098059609844,-0.13958703442193177,-0.02186849511878268,-0.049452282286585894
0.5740335595351738,0.2962515596168736,0.32794366826037813,-1.6033470967013237,0.9927303651172736,-0.12035955373016459,-0.0260948069157887,-0.05402824051816948
0.5768870917721441,0.28004240981404166,0.2602642561980894,-1.62938293645882,0.9944925684785106,-0.10480711445801155,-0.012909658049512796,-0.05873369966309801
0.5792139492654321,0.2634472105472052,0.23594774375711955,-1.691372249902967,0.9956588166002114,-0.09307803675554506,-0.011722450409214515,-0.0636877875061943
0.581454403319086,0.24626733896335606,0.2144878901359735,-1.7336761990353255,0.9966493026333008,-0.08179344448398819,-0.010975114417190249,-0.06854388483502127
0.5832337280677051,0.2290658109874485,0.1727168204294483,-1.7012617154384302,0.9974178535561437,-0.07181660955137761,-0.008348134752061028,-0.07339587671394047
0.5849385253315782,0.2121659714797407,0.16439237817428928,-1.702917773973806,0.9979708003292469,-0.06367324155563722,-0.0077987328572105,-0.0777721656249831
0.586470101288883,0.1951866815454017,0.1516285123381544,-1.685821025510559,0.9984122721597938,-0.056328809686677514,-0.007057244199890552,-0.08190209484378715
0.5878724144351934,0.1783689971298927,0.12687080269743306,-1.684319267536764,0.9987630392147385,-0.049723148517959545,-0.007420380987113244,-0.08566338641507994
0.5889728718561845,0.16130482481413894,0.11139371412708349,-1.7128286249813236,0.999071832600206,-0.04307520522140319,-0.006770577823071499,-0.08933782637955909
0.5900155495744974,0.1441847774943369,0.07752277470395845,-1.7128120210689668,0.9992922392129093,-0.03761676021203679,-0.00618323052820622,-0.09262235898842341
0.5909526142468352,0.12710600613990403,0.07857564520706356,-1.720192604830012,0.9994567123616727,-0.032958763860271904,-0.0036768054600710208,-0.0955325243803384
0.5915717231060635,0.10987301709455144,0.05668829431595579,-1.727211212199987,0.9995574644431839,-0.029746853210271824,-0.0028470395638072344,-0.09831138994980408
0.5923263614776545,0.0924689907693523,0.08360506578277915,-1.747200895891105,0.9996656304639959,-0.025857828002786108,-0.004185222449323118,-0.10049934716027246
0.5930232103699751,0.07496649335764473,0.06337088784556164,-1.7509186843365598,0.9997758224863891,-0.02117320881833417,-0.005032515311910194,-0.10225715967160802
0.593696938552973,0.05748462580789209,0.06668367937672422,-1.7425306807728924,0.9998743206127008,-0.015853800152971567,-0.005665730265798752,-0.10352658311417944
0.5943026970537763,0.04017785994332104,0.06571321492960736,-1.723956961126664,0.99994582747814,-0.010408751560972047,-0.005759480302974329,-0.1043407382109991
0.5947665387691576,0.023079666889323638,0.04470335369546665,-1.7125789711513504,0.9999909191884648,-0.004261635907624142,-0.006647034103928719,-0.10478583126477403
0.595096570605896,0.005713461074640017,0.027429282469065563,-1.7456489376514994,0.999997521839534,0.00222627823741943,-0.006712764242178869,-0.1048760028495325
0.5955021740702032,-0.0117092527609584,0.028406203667551363,-1.7378121297921456,0.9999594933864085,0.009000643665721989,-0.006462140466121143,-0.10438271858301604
0.5957255612247497,-0.029048429190484306,0.025904348779705287,-1.728133266317869,0.9998711085501736,0.016055101576984514,-0.007280651711520158,-0.10356663780856659
0.5958787424768762,-0.046100330313024344,0.020327131174047393,-1.6853935753714135,0.9997027654750298,0.024379924150372222,-0.010582630846464311,-0.10234063531908637
0.5958562384872311,-0.06284804334860829,0.005278507959344746,-1.67804348629595,0.999471659181714,0.03250234595459311,-0.008761968620173102,-0.10083847461898854
0.5960064122292086,-0.07953165486994973,-0.022091927555252314,-1.6564628582730834,0.9990486315769781,0.043609995920291376,-0.011748800535106935,-0.09871061247957638
0.595886471331433,-0.09616820016361562,-0.017765508112083696,-1.6839494406220379,0.9984126190626067,0.056322660595415415,-0.012348349397209897,-0.09640327250842713
0.5956006050537004,-0.11293217695591024,-0.04439761830012655,-1.6589489825408483,0.9975149377643645,0.07045529743714175,-0.013841641386669804,-0.09378736623826871
0.5952207881426579,-0.12956160434800656,-0.0486304664731939,-1.673663439110405,0.9963294744624592,0.08560127520872399,-0.014868298390412295,-0.0908415674404596
0.5945819380536064,-0.14667048378009392,-0.06345975701357318,-1.7113388732745645,0.9948701343827188,0.10116034654602099,-0.016987609923193547,-0.08759497726433585
0.5937762809383135,-0.1635154846438457,-0.08880027668611346,-1.6570525436612524,0.9931295921816129,0.1170197125837483,-0.016168823507036977,-0.08412047807769518
0.592655145022489,-0.18034920514158193,-0.11894622180200573,-1.6920387429360464,0.991082996255798,0.13324599255748593,-0.017476312193700796,-0.08051153625202367
0.5914484180937776,-0.19709321516317382,-0.12284570705066254,-1.6501434078625334,0.9883675517565953,0.15208413012104186,-0.02006680241485367,-0.07657641468341199
0.5901002329290128,-0.21375883194099288,-0.15669347280292922,-1.667968094132963,0.9848657710207522,0.1733188191504296,-0.0228623603435423,-0.0723766072431232
0.5885714219449392,-0.23031710933158803,-0.17984606461592972,-1.6419323648046062,0.9801300653061925,0.19835587987977316,-0.026210770301229494,-0.06796970833579011
0.5867364105662906,-0.2467856881232542,-0.2170454330726591,-1.6370265061844003,0.9743885783571539,0.22487084819319045,-0.027314807763824375,-0.06347600882081217
0.5846116753200649,-0.2630611749474623,-0.2057362870422075,-1.6298128516697297,0.9676010153262194,0.25248420770351077,-0.0303035344846163,-0.05892902679557217
0.5820802732223541,-0.2791771743215683,-0.2552853203953308,-1.606805868022209,0.9593008110050831,0.28238617884908973,-0.03162039378864528,-0.05443254485934181
0.5792977090259152,-0.2950469311181787,-0.29192525759473015,-1.57651924017405,0.9495127102101423,0.3137285660398023,-0.033188811488924976,-0.04989344931393811
0.5760704521955752,-0.3106991894899306,-0.38476578525237703,-1.5778294634317591,0.9382369613300507,0.34599335888735344,-0.03219866502599771,-0.0454840320950801
0.5723548991495011,-0.32641137582738683,-0.38376935056688244,-1.5626521477578628,0.9246926923004762,0.38071436117658697,-0.037957286690413795,-0.04111114985153756
0.568392783409519,-0.3418419768664063,-0.443266437219267,-1.5304261945359197,0.9095198576107084,0.4156604727560662,-0.040268259544791296,-0.03673060271112085
0.5638135604396751,-0.3568884169823905,-0.47182534766447204,-1.5027312117645972,0.894011888682792,0.4480432377503613,-0.03844165939641801,-0.03272563880225414
0.5589717761411631,-0.3718013497236489,-0.48150530952673737,-1.4716186310330275,0.8749948178419081,0.48413228434985184,-0.04299849145694497,-0.028668718009704542
0.5535652049049867,-0.3865459302709905,-0.5842569742134184,-1.4805301255113836,0.8541377831789109,0.5200467741907604,-0.042151223173549496,-0.024831730388219952
0.5473497698803953,-0.4011770107538792,-0.6167240009353082,-1.4613461150037461,0.8312718112049231,0.55586614926265,-0.04408394732119933,-0.021372882544810422
0.5406186849187244,-0.41555303963588897,-0.7174626272905339,-1.4177316916015599,0.8065280808665292,0.5911957837922674,-0.041857413145662506,-0.01812545784882271
0.5333228996953528,-0.4295958510880583,-0.7348722492433982,-1.4014770735338336,0.781337812251655,0.6241083424741234,-0.04330392263475888,-0.015174540038461703
0.5254582598297014,-0.4433250369359025,-0.7971176103317813,-1.3515870935560679,0.7550144687903584,0.6557081301289569,-0.04015448023305722,-0.012509293737379145
0.5168615048091517,-0.4566211598779753,-0.8748546917530263,-1.323448923606826,0.7291216759380877,0.6843840892928724,-0.040009906999395675,-0.010327107389388334
0.5077319649326166,-0.4694482562125729,-0.9309447300735162,-1.2683766400031917,0.7044723611598217,0.7097314226958715,-0.03187455541904066,-0.00849915873126994
0.49796445985801285,-0.4817780122054412,-1.0000932065681793,-1.2297011802166267,0.6788546137078117,0.734272710542628,-0.037005319661962306,-0.007122913983794188
0.48746978968815347,-0.4938071003985865,-1.0780657737307606,-1.1789295212914208,0.6541709956200118,0.756346685382783,-0.030651787480931204,-0.006117986785453411
0.4762511366986759,-0.5055491265699017,-1.1534330991501613,-1.1457605274331668,0.633100125296127,0.7740699137352054,-0.02516177496774303,-0.005453338801221186
0.46460996788898046,-0.5168971242309124,-1.1933748597318654,-1.1376557963501823,0.6136449081987245,0.7895821215312433,-0.0239127332504524,-0.004985568998753287
0.45236957028866,-0.5281071618561203,-1.2545555035792157,-1.120495644941197,0.5941401425409866,0.8043615424803552,-0.022277782832559226,-0.004632900888406066
0.4396625505640903,-0.5391954536367923,-1.2706207591700882,-1.0873566070171143,0.5747966955123686,0.8182962537052589,-0.02417829407412071,-0.004273835772214607
0.42676904933005977,-0.5497178914374563,-1.2920975153710161,-1.0416617314386785,0.5554691352281227,0.8315371547976204,-0.022318653542638137,-0.004067832592481757
0.4138116437371527,-0.559892800229742,-1.2969889001178216,-1.017967432469165,0.5362691045835742,0.8440470647239592,-0.024685603074270052,-0.0037816260385353574
0.4006101862348003,-0.5698726263797288,-1.326886869169528,-0.9565781391866812,0.5156832183084,0.8567793288560894,-0.0251062309950332,-0.00340590613183398
0.3872629430462362,-0.5794405607188265,-1.352705711160397,-0.9358308811257043,0.49509171770013166,0.8688407167396869,-0.023658171901211753,-0.003061013816144431
0.37371540091086736,-0.5886182381213126,-1.3725995732150647,-0.9327267202685284,0.4725293799861432,0.8813149182045602,-0.026398429517360184,-0.0027664443480874823
0.35981896927226154,-0.5974764524311157,-1.3867235486426128,-0.8656574785048912,0.45103118205360115,0.8925081920158106,-0.025350370183806016,-0.0025418995682795044
0.3454053899045919,-0.6063547440911232,-1.4672180244573163,-0.8519382959737372,0.42850882950491803,0.9035375935932742,-0.025561986217024796,-0.0021669547399215893
0.3307906602301635,-0.6148241182920198,-1.4652781105275814,-0.8297712200951269,0.40516008057481495,0.9142457596886131,-0.024878242552004784,-0.001837298812757382
0.3163681663379816,-0.6229910407515995,-1.4324435604332983,-0.8032843972015207,0.3820082618461259,0.924158908349263,-0.023998875679677376,-0.001282135959858355
0.3019087243257655,-0.6307033773924781,-1.4467807154957038,-0.7710998426925023,0.35643063671734226,0.9343217867572552,-0.02631365435913312,-0.0007606789672869319
0.28745136753568556,-0.6379428125140338,-1.4559631320996882,-0.7057033797817569,0.32955553066996385,0.9441361936737933,-0.029568204323247693,-0.00028625800513859545
0.27272251669998937,-0.6448410185886813,-1.4998122632775952,-0.6282222939643736,0.30148551522930783,0.9534707568179104,-0.03041933841281267,0.00014106462174030555
0.2576838260332833,-0.6512234351097512,-1.5267600092793938,-0.6032460404544746,0.2778680199674294,0.9606192604145414,-0.023748741851662966,0.0003519948106777804
0.24203815028494297,-0.6569587341054577,-1.5859404952249092,-0.5905864338298369,0.25739366028319033,0.9663066302401231,-0.023052511119739723,0.0001265917752317769
0.22620615315182407,-0.6624521019836007,-1.5697665562687468,-0.5207684470021359,0.23599993034444616,0.9717530719670593,-0.02142185765185721,8.57933759448315e-06
0.21055964775021457,-0.6677283644998556,-1.556843687999598,-0.5394448718963859,0.21356278778120005,0.9769293401649488,-0.025605036130399068,0.00014036736810600913
0.1946306318466327,-0.672522493015379,-1.6207980208539732,-0.4240719895914222,0.18746646999410208,0.9822710026402849,-0.02554649609653836,0.00011969438421024491
0.17855416204043295,-0.6770168285127163,-1.597560027771311,-0.41782903675549243,0.16384753691960896,0.9864856738165929,-0.022849379517687264,0.0001666764930889464
0.16246279698855112,-0.6810088183893925,-1.6114462763188842,-0.37818874897652466,0.14113930137287478,0.9899897462135537,-0.02199447568941193,0.00011939776688070225
0.14644419560906385,-0.6845030499717555,-1.615786627153839,-0.36192874512035633,0.1190951758341606,0.9928828425816564,-0.02267660796571204,-6.908713935072086e-06
0.13014630415735262,-0.6877816241488801,-1.618372307562589,-0.3406039125856316,0.09527113618197261,0.9954513602434806,-0.025336420232169306,-1.3126549726294456e-05
0.11353499170318503,-0.6906544695978571,-1.6636913472762,-0.24918061484064197,0.07124281555107104,0.9974590022814752,-0.016056370494859373,-7.586788528310962e-05
0.09698253488763608,-0.693272538172665,-1.6407703192595382,-0.24529341278594016,0.04486591456634556,0.9989930178485361,-0.031002465281949276,2.3159800874505974e-05
0.0804672038592932,-0.6954420913912802,-1.6543241837517457,-0.19233297702926544,0.019531573397338103,0.999809240625743,-0.023773359023428715,8.190476230049982e-05
0.06406682127564264,-0.6970988505859433,-1.6302595910229063,-0.15233974939049436,-0.0045897832000503565,0.9999894668896152,-0.02452960597694794,3.668837897947696e-05
0.047870716581280184,-0.6984192764425062,-1.619441192299261,-0.09324168497798269,-0.029017345601359084,0.9995789081679604,-0.023836436826497685,5.791989840329137e-05
0.03142204225085737,-0.6991707903056519,-1.659401916022745,-0.05270611822172448,-0.05259224708677373,0.9986160701422563,-0.02398881556194505,-0.00012348320875599228
0.01479344748349728,-0.699628456658221,-1.6660686509211833,-0.05750551163487636,-0.07463459458391453,0.9972109492435864,-0.024948649940450665,-0.0002151591707553635
-0.0016842818369244676,-0.699729939978702,-1.6304261886085794,0.023668672076043666,-0.0974001956029756,0.9952452973496041,-0.023065537123395204,-0.00026803295268544857
-0.018156703361892564,-0.6994201961331462,-1.6381006534072475,0.09341528467196054,-0.12152707570437227,0.9925881169300503,-0.02574795688825281,-0.00034417272783295874
-0.034454893131493546,-0.6987467866911696,-1.6274895319606475,0.06119204703410407,-0.1458353927452646,0.9893088689700675,-0.021320877625657556,-0.0004042513194226771
-0.050714817133440754,-0.6976821008783359,-1.6373664874565483,0.14141151365704294,-0.1690525415208934,0.9856070404605106,-0.026581664944851008,-0.00047708646329045477
-0.06727933171431556,-0.6961933399764764,-1.6546177396685569,0.1252293422789952,-0.19414355475923678,0.980973129165854,-0.026435136974506463,-0.0005633158723181708
-0.08347676035733181,-0.6942269379704595,-1.6184149746481722,0.17025315532405244,-0.2176311582922575,0.976031085027711,-0.024881212036440545,-0.0007722753468685006
-0.09967633520454322,-0.6921294490014177,-1.6262501203833841,0.2588552636125505,-0.2419932963758949,0.9702779212726261,-0.02298960551510912,-0.0007299906510973564
-0.11597171765762669,-0.6894051220817601,-1.6246453848066846,0.31200148377844983,-0.26790087209492947,0.9634464815083278,-0.02631650842546709,-0.0009085455757403161
-0.13212865842929036,-0.6864033683275914,-1.605612391883211,0.30991932936748945,-0.2936516031466933,0.9559125148094763,-0.023978276140930677,-0.0009953029987658014
-0.1481355554087916,-0.6828404366949239,-1.6345501245257346,0.36457994975903096,-0.31588394911724715,0.948797834467434,-0.026379930832646753,-0.001276016754837972
-0.16445014650032388,-0.6788170658788515,-1.6115990081839513,0.41952368442890137,-0.340584869908416,0.940213776962169,-0.025202279365702532,-0.0015470956375433608
-0.18047992068085578,-0.6744277586413397,-1.601751163182423,0.4221240953109627,-0.3635472462764794,0.9315757616666445,-0.02513191804770608,-0.0018411331258842978
-0.1964581747316977,-0.6694550498050876,-1.6034830456769689,0.501190922311761,-0.3864875791391912,0.9222946119169986,-0.02290886567751697,-0.002313911469891394
-0.21238303635768851,-0.6643156367633448,-1.5837120746631266,0.5234684716285489,-0.4076022505143133,0.913159572788714,-0.024774211038765842,-0.0025605263674851387
-0.22789106365883166,-0.6588973672865898,-1.5443496174001083,0.5359446128467393,-0.4298200156438892,0.9029145885142661,-0.02329698529087549,-0.0028055669235785173
-0.2432033077154947,-0.653037729550254,-1.5553040102077285,0.6243144147845495,-0.45268270453698545,0.8916716710836338,-0.02587525948258226,-0.003145549558655514
-0.2589021991501964,-0.6464833608566799,-1.5531085262113107,0.6902697992176663,-0.47560640014413025,0.8796582018840847,-0.02446211347672957,-0.003601346505210401
-0.2743697765040107,-0.6396008696320242,-1.5393345539115602,0.6972089236395941,-0.496809294722126,0.8678597379056732,-0.023612241026640057,-0.004034450067460327
-0.28946443378050135,-0.6324634378201046,-1.4791994957220542,0.7486676035370601,-0.5177168646749946,0.8555520136327734,-0.02617553138724851,-0.0044429149213621065
-0.3043552835571619,-0.6251506498741597,-1.4856745859732117,0.7621188406003101,-0.5387105499139345,0.8424909159221993,-0.025152026337777012,-0.0046975667615964944
-0.319246060933339,-0.6170122976661748,-1.4937460404845786,0.8281080562329207,-0.5598653680930736,0.8285835924093641,-0.024634353277064605,-0.005289828134965635
-0.3340492410922667,-0.6088526405447783,-1.4730624703174957,0.8290131240723904,-0.5812020162958369,0.8137593110088842,-0.029162279883876263,-0.005528666270040982
-0.3487222819986672,-0.6002109192574356,-1.45744825754909,0.8653434387221818,-0.6035217178191279,0.7973465596092135,-0.02744873128612023,-0.005838363521712697
-0.36296527496269476,-0.5914274686590203,-1.4092581883660427,0.8991053015833324,-0.6264542552451458,0.7794581875156934,-0.028708398447973273,-0.006076199058454979
-0.37688478890095506,-0.5825530664764818,-1.3662686758252462,0.9009419113506378,-0.6503371821611477,0.7596456736523275,-0.03153539594800924,-0.006162685230846421
-0.3904128509579921,-0.5734094426843405,-1.3252804280048747,0.9630378083847421,-0.6737889372112512,0.7389238581151192,-0.02967306446588418,-0.006299356240234299
-0.40371815354481044,-0.5637487079105062,-1.3142226153423806,0.9805871083993168,-0.6963276705662933,0.7177240244019423,-0.025591555400890614,-0.006601879745556083
-0.4168224597172662,-0.5538640654110729,-1.2990953629722175,1.0098652787446112,-0.7191344067036654,0.6948709988875398,-0.03372551104312648,-0.006814335204172561
-0.4295169757575803,-0.543633464331916,-1.2689442388198715,1.0288480347459847,-0.7422212423247815,0.6701549279396953,-0.033622477421802244,-0.007163673003891713
-0.4418949985279026,-0.5332683814286062,-1.2092937247493716,1.0503758954654268,-0.7672702512599018,0.641323913113777,-0.0394097727805949,-0.0074349443153658434
-0.45363130696113435,-0.5227220595805717,-1.1434908828493768,1.0684711436087555,-0.790682658879928,0.6122262106007612,-0.03876909756493241,-0.007887498864944931
-0.46492732466904807,-0.5116829084350293,-1.1210989201672363,1.1287271834095516,-0.8135880971479321,0.5814416636079729,-0.039671659785179114,-0.008641326077086831
-0.4758814972870103,-0.49988094761213464,-1.0865174342713604,1.1919144187113,-0.834291153222972,0.55132410762988,-0.03444387011821239,-0.009823094239069352
-0.48648746865681985,-0.4876300533624342,-1.0538082579260495,1.2295784590497325,-0.8540101396337559,0.520256361232357,-0.03793059048585183,-0.011194420679992855
