-0.003942680545151234,1.4135605096817017,-0.39958617091178894,0.11733897030353546,0.004772346466779709,0.09436269104480743,0.0,0.0
-0.007837486453354359,1.415617823600769,-0.3929155170917511,0.09142526984214783,0.008173185400664806,0.06802354753017426,-0.0,-0.0
-0.011690711602568626,1.4170777797698975,-0.387665331363678,0.06486979871988297,0.010489041917026043,0.046321313828229904,-0.0,-0.0
-0.015494823455810547,1.4179388284683228,-0.3814755380153656,0.038259733468294144,0.01154408697038889,0.021102815866470337,-0.0,-0.0
-0.019240189343690872,1.4182090759277344,-0.37409907579421997,0.012013185769319534,0.011109591461718082,-0.008690882474184036,-0.0,-0.0
-0.022945690900087357,1.4178764820098877,-0.36909711360931396,-0.014774654991924763,0.009675308130681515,-0.028688233345746994,-0.0,-0.0
-0.026614855974912643,1.416940689086914,-0.3645556569099426,-0.04157776013016701,0.007343990728259087,-0.046630632132291794,-0.0,-0.0
-0.030246829614043236,1.415409803390503,-0.359938383102417,-0.06802310049533844,0.004109928384423256,-0.06468726694583893,-0.0,-0.0
-0.03388557583093643,1.4132790565490723,-0.36081206798553467,-0.09469223767518997,0.0010852832347154617,-0.06049848347902298,-0.0,-0.0
-0.03753051906824112,1.4105485677719116,-0.3616395890712738,-0.12136125564575195,-0.001729972893372178,-0.05630987137556076,-0.0,-0.0
-0.041181087493896484,1.4072179794311523,-0.3624206781387329,-0.14803019165992737,-0.004335151985287666,-0.05210881307721138,-0.0,-0.0
-0.044836901128292084,1.403287410736084,-0.363154798746109,-0.17469905316829681,-0.006730013061314821,-0.04790148138999939,-0.0,-0.0
-0.04849748685956001,1.398756980895996,-0.3638419806957245,-0.20136786997318268,-0.00891425833106041,-0.04368906468153,-0.0,-0.0
-0.05216236039996147,1.3936264514923096,-0.3644823431968689,-0.22803661227226257,-0.010887712240219116,-0.039472900331020355,-0.0,-0.0
-0.055830955505371094,1.3878958225250244,-0.365075945854187,-0.2547053098678589,-0.012650253251194954,-0.03525406867265701,-0.0,-0.0
-0.05950288847088814,1.3815652132034302,-0.3656230568885803,-0.2813739776611328,-0.014201783575117588,-0.031033411622047424,-0.0,-0.0
-0.06312866508960724,1.3746321201324463,-0.3599779009819031,-0.30816927552223206,-0.01677452027797699,-0.05145919322967529,-0.0,-0.0
-0.06675691902637482,1.3670989274978638,-0.36042919754981995,-0.3348380923271179,-0.019135454669594765,-0.04722321778535843,-0.0,-0.0
-0.07038698345422745,1.3589657545089722,-0.36083561182022095,-0.3615070879459381,-0.021285438910126686,-0.04300365597009659,-0.0,-0.0
-0.07401857525110245,1.3502323627471924,-0.36119794845581055,-0.38817593455314636,-0.02322431094944477,-0.038780733942985535,-0.0,-0.0
-0.07765121757984161,1.340899109840393,-0.361516535282135,-0.41484466195106506,-0.024952132254838943,-0.034560006111860275,-0.0,-0.0
-0.0812845230102539,1.3309656381607056,-0.36179226636886597,-0.44151338934898376,-0.02646910399198532,-0.030342239886522293,-0.0,-0.0
-0.0848836898803711,1.3204342126846313,-0.3577122092247009,-0.4681011438369751,-0.028638532385230064,-0.04339265078306198,-0.0,-0.0
-0.0884825736284256,1.3093026876449585,-0.357902467250824,-0.4947701096534729,-0.030596980825066566,-0.03917235881090164,-0.0,-0.0
-0.09208078682422638,1.2975711822509766,-0.35805338621139526,-0.5214388966560364,-0.03234518691897392,-0.03496767580509186,-0.0,-0.0
-0.09567852318286896,1.2852181196212769,-0.35821080207824707,-0.5490608811378479,-0.03388330340385437,-0.0307623241096735,-0.0,-0.0
-0.09922961890697479,1.2722612619400024,-0.35261932015419006,-0.5759153366088867,-0.036349233239889145,-0.04931861534714699,-0.0,-0.0
-0.10277910530567169,1.258704423904419,-0.3526626229286194,-0.602581799030304,-0.03860568627715111,-0.04512910172343254,-0.0,-0.0
-0.10632648319005966,1.2445476055145264,-0.35267090797424316,-0.6292482018470764,-0.040652912110090256,-0.04094446077942848,-0.0,-0.0
-0.10987158119678497,1.2297908067703247,-0.3526456952095032,-0.6559144854545593,-0.042491160333156586,-0.036765169352293015,-0.0,-0.0
-0.11341400444507599,1.2144336700439453,-0.3525886833667755,-0.6825807094573975,-0.044120725244283676,-0.032591402530670166,-0.0,-0.0
-0.11691522598266602,1.1984803676605225,-0.34770986437797546,-0.7091129422187805,-0.04649832844734192,-0.04755198210477829,-0.0,-0.0
-0.12041310966014862,1.1819267272949219,-0.3475944399833679,-0.7357792258262634,-0.048667825758457184,-0.04338992014527321,-0.0,-0.0
-0.12390746921300888,1.1647733449935913,-0.3474525511264801,-0.7624454498291016,-0.050629548728466034,-0.039234451949596405,-0.0,-0.0
-0.12739810347557068,1.147019624710083,-0.3472861051559448,-0.7891115546226501,-0.052383821457624435,-0.03508557751774788,-0.0,-0.0
-0.13084439933300018,1.1286649703979492,-0.3420356512069702,-0.8158554434776306,-0.05494477599859238,-0.05121900513768196,-0.0,-0.0
-0.1343459188938141,1.1103686094284058,-0.3473873734474182,-0.8132753968238831,-0.05768574774265289,-0.05481937527656555,-0.0,-0.0
-0.13778963685035706,1.0920684337615967,-0.34195268154144287,-0.8134345412254333,-0.06007959693670273,-0.047877199947834015,-0.0,-0.0
-0.14113855361938477,1.0741294622421265,-0.33291390538215637,-0.7973714470863342,-0.0620286799967289,-0.03898158296942711,-0.0,-0.0
-0.1443733274936676,1.056323766708374,-0.32208123803138733,-0.7914233803749084,-0.0634075328707695,-0.027577117085456848,-0.0,-0.0
-0.14762535691261292,1.0384483337402344,-0.3227766156196594,-0.7945671081542969,-0.06579865515232086,-0.04782246798276901,-0.0,-0.0
-0.1507541686296463,1.0208944082260132,-0.311040461063385,-0.7802603244781494,-0.0676269456744194,-0.03656598925590515,-0.0,-0.0
-0.15390510857105255,1.0035505294799805,-0.31315022706985474,-0.770917534828186,-0.06954480707645416,-0.03835703805088997,-0.0,-0.0
-0.15696096420288086,0.9859924912452698,-0.3041927218437195,-0.7804273366928101,-0.07092660665512085,-0.02763586863875389,-0.0,-0.0
-0.16009864211082458,0.9685306549072266,-0.3120124638080597,-0.7761651277542114,-0.0726582407951355,-0.034632761031389236,-0.0,-0.0
-0.16313418745994568,0.9513848423957825,-0.3010188937187195,-0.762165367603302,-0.07517006993293762,-0.050236284732818604,-0.0,-0.0
-0.16616907715797424,0.9340295791625977,-0.3010459244251251,-0.7714678645133972,-0.07759086042642593,-0.04841593652963638,-0.0,-0.0
-0.1691768616437912,0.9166563153266907,-0.2985028922557831,-0.7722662091255188,-0.07984789460897446,-0.04514048248529434,-0.0,-0.0
-0.17217159271240234,0.8991231322288513,-0.2973303198814392,-0.7793664932250977,-0.08197546750307083,-0.04255145415663719,-0.0,-0.0
-0.1750783920288086,0.8814966082572937,-0.2889932692050934,-0.7834921479225159,-0.08364817500114441,-0.0334538109600544,-0.0,-0.0
-0.17796897888183594,0.8644329309463501,-0.2873181402683258,-0.7584883570671082,-0.08536876738071442,-0.034411631524562836,-0.0,-0.0
-0.18092899024486542,0.847765326499939,-0.29385894536972046,-0.7409040927886963,-0.08749514073133469,-0.04252753034234047,-0.0,-0.0
-0.18372973799705505,0.8317164182662964,-0.27852410078048706,-0.7133801579475403,-0.08903992176055908,-0.03089560940861702,-0.0,-0.0
-0.1865682601928711,0.8156101107597351,-0.2821487784385681,-0.7159338593482971,-0.09073098748922348,-0.033821117132902145,-0.0,-0.0
-0.18932923674583435,0.7997629046440125,-0.2746869623661041,-0.7044029831886292,-0.09212854504585266,-0.027951035648584366,-0.0,-0.0
-0.1919766366481781,0.7842351794242859,-0.2625480592250824,-0.6902621984481812,-0.09430589526891708,-0.043546997010707855,-0.0,-0.0
-0.194569393992424,0.7686574459075928,-0.2573482394218445,-0.6924651861190796,-0.09621493518352509,-0.03818080946803093,-0.0,-0.0
-0.1972064971923828,0.7535209059715271,-0.26144668459892273,-0.672883927822113,-0.09846095740795135,-0.044920582324266434,-0.0,-0.0
-0.19979628920555115,0.7382161617279053,-0.2569752335548401,-0.6803457140922546,-0.1004437655210495,-0.039656203240156174,-0.0,-0.0
-0.20216159522533417,0.7234742045402527,-0.23538532853126526,-0.6552750468254089,-0.10157743096351624,-0.02267313376069069,-0.0,-0.0
-0.2044508010149002,0.7092928290367126,-0.2279445230960846,-0.6303548812866211,-0.1025485172867775,-0.01942177675664425,-0.0,-0.0
-0.20666417479515076,0.6951501965522766,-0.22068393230438232,-0.6286023259162903,-0.1031966507434845,-0.012962734326720238,-0.0,-0.0
-0.20877476036548615,0.6814809441566467,-0.21071195602416992,-0.6075449585914612,-0.10353749245405197,-0.006816891022026539,-0.0,-0.0
-0.2108420431613922,0.6682332754135132,-0.20643050968647003,-0.5888057947158813,-0.1038297712802887,-0.005845644511282444,-0.0,-0.0
-0.21287545561790466,0.6554011702537537,-0.20305398106575012,-0.5703333020210266,-0.10411649942398071,-0.005734727252274752,-0.0,-0.0
-0.21483679115772247,0.6428113579750061,-0.19607967138290405,-0.559549868106842,-0.1041671633720398,-0.001013250439427793,-0.0,-0.0
-0.21680359542369843,0.630517840385437,-0.19649174809455872,-0.546394944190979,-0.10435701906681061,-0.0037971176207065582,-0.0,-0.0
-0.21873697638511658,0.6185063719749451,-0.1931905448436737,-0.5338451266288757,-0.10450349748134613,-0.002929411828517914,-0.0,-0.0
-0.22051414847373962,0.6067840456962585,-0.17817778885364532,-0.5209576487541199,-0.1040450856089592,0.009168118238449097,-0.0,-0.0
-0.22234663367271423,0.5949064493179321,-0.18348293006420135,-0.5278756022453308,-0.10381234437227249,0.0046547637321054935,-0.0,-0.0
-0.22417302429676056,0.5828705430030823,-0.1829310804605484,-0.534909188747406,-0.10352253913879395,0.0057961721904575825,-0.0,-0.0
-0.22599954903125763,0.5710000395774841,-0.18184401094913483,-0.5276351571083069,-0.10432814061641693,-0.016111858189105988,-0.0,-0.0
-0.2277410924434662,0.5593426823616028,-0.17364388704299927,-0.5181402564048767,-0.10483669489622116,-0.01017125602811575,-0.0,-0.0
-0.22942066192626953,0.5480120182037354,-0.16759517788887024,-0.5036114454269409,-0.10519365221261978,-0.0071390122175216675,-0.0,-0.0
-0.23093867301940918,0.5367027521133423,-0.15215447545051575,-0.5026074051856995,-0.10484529286623001,0.006967256311327219,-0.0,-0.0
-0.2323632687330246,0.5258480310440063,-0.14306123554706573,-0.48239055275917053,-0.10424615442752838,0.011982575058937073,-0.0,-0.0
-0.23369073867797852,0.5148168206214905,-0.1338263899087906,-0.4901971220970154,-0.10317734628915787,0.021376384422183037,-0.0,-0.0
-0.23503489792346954,0.5041925311088562,-0.13524982333183289,-0.4721356928348541,-0.10234890878200531,0.016568860039114952,-0.0,-0.0
-0.23631525039672852,0.49335217475891113,-0.12920114398002625,-0.481712281703949,-0.1011946052312851,0.023086167871952057,-0.0,-0.0
-0.23762015998363495,0.48276031017303467,-0.13142633438110352,-0.47068971395492554,-0.10026749968528748,0.018541960045695305,-0.0,-0.0
-0.23893776535987854,0.47256648540496826,-0.1314983069896698,-0.4530763626098633,-0.1005266085267067,-0.005182160995900631,-0.0,-0.0
-0.24009943008422852,0.46259501576423645,-0.11651773750782013,-0.4431525766849518,-0.10017955303192139,0.0069409580901265144,-0.0,-0.0
-0.24120087921619415,0.4525153636932373,-0.11076009273529053,-0.4479426443576813,-0.09956753253936768,0.012240386568009853,-0.0,-0.0
-0.24229136109352112,0.44253045320510864,-0.10963872820138931,-0.44373127818107605,-0.09898293763399124,0.011691884137690067,-0.0,-0.0
-0.24348774552345276,0.43235844373703003,-0.11973857879638672,-0.45208197832107544,-0.0988803431391716,0.0020518607925623655,-0.0,-0.0
-0.2446446418762207,0.4222588837146759,-0.11590169370174408,-0.44885677099227905,-0.09867442399263382,0.004118392709642649,-0.0,-0.0
-0.2457764595746994,0.41206055879592896,-0.11347539722919464,-0.45323896408081055,-0.09838297963142395,0.005829048343002796,-0.0,-0.0
-0.24672846496105194,0.4024549722671509,-0.09608078002929688,-0.4268598258495331,-0.09750770032405853,0.01750566065311432,-0.0,-0.0
-0.24754591286182404,0.3933353126049042,-0.08303704112768173,-0.40523168444633484,-0.09622656553983688,0.02562263049185276,-0.0,-0.0
-0.24842949211597443,0.38416773080825806,-0.08928510546684265,-0.4073899984359741,-0.09530545771121979,0.018422359600663185,-0.0,-0.0
-0.24918588995933533,0.37538638710975647,-0.07697401940822601,-0.39019525051116943,-0.0939854234457016,0.026400703936815262,-0.0,-0.0
-0.24993152916431427,0.3669023811817169,-0.0757807046175003,-0.3769915997982025,-0.09277718514204025,0.02416481263935566,-0.0,-0.0
-0.2506478428840637,0.35821497440338135,-0.0729672983288765,-0.38602373003959656,-0.09145382791757584,0.02646726369857788,-0.0,-0.0
-0.25143033266067505,0.349850058555603,-0.0791013315320015,-0.3717230260372162,-0.09060647338628769,0.016946891322731972,-0.0,-0.0
-0.2523292601108551,0.3413698971271515,-0.09015657752752304,-0.3768795132637024,-0.09034711867570877,0.005187192000448704,-0.0,-0.0
-0.2531103491783142,0.33292579650878906,-0.07750117033720016,-0.3753315210342407,-0.0909520611166954,-0.012098806910216808,-0.0,-0.0
-0.25380077958106995,0.32427728176116943,-0.06881557404994965,-0.3843922019004822,-0.09117510169744492,-0.004460855387151241,-0.0,-0.0
-0.25456660985946655,0.31580930948257446,-0.07586100697517395,-0.3763982653617859,-0.09189473092556,-0.014392642304301262,-0.0,-0.0
-0.2552207410335541,0.3077192008495331,-0.06499270349740982,-0.35958659648895264,-0.09231042116880417,-0.00831375177949667,-0.0,-0.0
-0.25598353147506714,0.2995673418045044,-0.0752648264169693,-0.3623673617839813,-0.09331782907247543,-0.02014802023768425,-0.0,-0.0
-0.25681251287460327,0.2914790213108063,-0.08143851906061172,-0.3595719039440155,-0.09476260840892792,-0.028895650058984756,-0.0,-0.0
-0.2577250599861145,0.28318557143211365,-0.08934444934129715,-0.3687188923358917,-0.09665311127901077,-0.03780978173017502,-0.0,-0.0
-0.25860142707824707,0.27510717511177063,-0.08570501953363419,-0.3591669797897339,-0.09856925159692764,-0.03832278028130531,-0.0,-0.0
-0.2595474123954773,0.26702186465263367,-0.09221038967370987,-0.3595057725906372,-0.10093872249126434,-0.04738945513963699,-0.0,-0.0
-0.26037734746932983,0.25936317443847656,-0.08086860179901123,-0.34052950143814087,-0.10304947942495346,-0.0422150120139122,-0.0,-0.0
-0.26119858026504517,0.251910001039505,-0.07981827855110168,-0.3314148187637329,-0.10533472895622253,-0.045704931020736694,-0.0,-0.0
-0.26210111379623413,0.2445913702249527,-0.08737742155790329,-0.3254789113998413,-0.10819461941719055,-0.057198017835617065,-0.0,-0.0
-0.2629237771034241,0.23731055855751038,-0.07957450300455093,-0.32378777861595154,-0.11086402088403702,-0.05338796228170395,-0.0,-0.0
-0.2636701166629791,0.23012925684452057,-0.07209447026252747,-0.31936079263687134,-0.11338884383440018,-0.05049636960029602,-0.0,-0.0
-0.26451778411865234,0.2228638231754303,-0.08161035180091858,-0.32314953207969666,-0.11652923375368118,-0.06280745565891266,-0.0,-0.0
-0.2653951048851013,0.2153252512216568,-0.08434619754552841,-0.33531779050827026,-0.11989467591047287,-0.06730915606021881,-0.0,-0.0
-0.2661743760108948,0.20774775743484497,-0.07481203228235245,-0.3370272219181061,-0.12299083173274994,-0.061923056840896606,-0.0,-0.0
-0.2669900953769684,0.20027640461921692,-0.07804259657859802,-0.3323570787906647,-0.12649740278720856,-0.0701313465833664,-0.0,-0.0
-0.2679062783718109,0.1925698071718216,-0.0875154659152031,-0.34286966919898987,-0.13058514893054962,-0.08175449073314667,-0.0,-0.0
-0.268698513507843,0.18494346737861633,-0.0754358321428299,-0.3392859995365143,-0.13435699045658112,-0.07543689757585526,-0.0,-0.0
-0.26955729722976685,0.1774761974811554,-0.08149181306362152,-0.332283616065979,-0.1387288123369217,-0.08743639290332794,-0.0,-0.0
-0.27044421434402466,0.17044652998447418,-0.08374594897031784,-0.31289753317832947,-0.14365465939044952,-0.09851707518100739,-0.0,-0.0
-0.2713276743888855,0.16319361329078674,-0.08327920734882355,-0.3228488862514496,-0.1487155556678772,-0.10121794790029526,-0.0,-0.0
-0.27222710847854614,0.15569259226322174,-0.0846545621752739,-0.33392107486724854,-0.1539953202009201,-0.10559515655040741,-0.0,-0.0
-0.27310386300086975,0.14799021184444427,-0.08232072740793228,-0.34289121627807617,-0.15934672951698303,-0.1070280522108078,-0.0,-0.0
-0.27407950162887573,0.1401655226945877,-0.09153611958026886,-0.34842100739479065,-0.1653711348772049,-0.1204880103468895,-0.0,-0.0
-0.2750263810157776,0.1321050226688385,-0.08862188458442688,-0.3589326739311218,-0.17143797874450684,-0.12133703380823135,-0.0,-0.0
-0.2759145200252533,0.12389066815376282,-0.08280302584171295,-0.3657880127429962,-0.1774621158838272,-0.12048272788524628,-0.0,-0.0
-0.2767983376979828,0.1158449724316597,-0.08198297768831253,-0.35836470127105713,-0.1838758885860443,-0.12827572226524353,-0.0,-0.0
-0.2776220440864563,0.10799676179885864,-0.07581949234008789,-0.34963706135749817,-0.19045844674110413,-0.1316511332988739,-0.0,-0.0
-0.2783004343509674,0.10047198086977005,-0.06142239645123482,-0.335273802280426,-0.19691312313079834,-0.12909339368343353,-0.0,-0.0
-0.2789180874824524,0.09282124787569046,-0.05535321310162544,-0.34089943766593933,-0.20337210595607758,-0.12917952239513397,-0.0,-0.0
-0.2793217599391937,0.08547528833150864,-0.03437225520610809,-0.32732459902763367,-0.20942005515098572,-0.12095896899700165,-0.0,-0.0
-0.2796483039855957,0.07822474092245102,-0.026567047461867332,-0.3231216073036194,-0.2155599594116211,-0.12279851734638214,-0.0,1.0
-0.27986782789230347,0.07118304818868637,-0.0018962196772918105,-0.3165282905101776,-0.23766173422336578,-0.4440811276435852,-0.0,1.0
-0.2800954282283783,0.06426301598548889,0.015365946106612682,-0.3141907751560211,-0.27652302384376526,-0.7771860957145691,-0.0,1.0
-0.2803043723106384,0.05748017877340317,0.032927148044109344,-0.31264644861221313,-0.3322361707687378,-1.1143412590026855,-0.0,1.0
-0.2805386185646057,0.05067151412367821,0.039728350937366486,-0.3185969293117523,-0.3990379273891449,-1.3361783027648926,1.0,1.0
-0.2805919051170349,0.04427863284945488,0.048209309577941895,-0.30076271295547485,-0.45512643456459045,-1.1189541816711426,1.0,1.0
-0.280386358499527,0.038184866309165955,0.061345119029283524,-0.2848760783672333,-0.5004305839538574,-0.9060676693916321,1.0,1.0
-0.28003963828086853,0.03246389329433441,0.06873474270105362,-0.26722684502601624,-0.5391404032707214,-0.7741858959197998,1.0,1.0
-0.27956509590148926,0.027172647416591644,0.0771450474858284,-0.24745424091815948,-0.5736324787139893,-0.6898370385169983,1.0,1.0
-0.2779311537742615,0.024749932810664177,0.14596769213676453,-0.10340148955583572,-0.5550711750984192,0.34710603952407837,1.0,1.0
-0.27624377608299255,0.02272261120378971,0.15421035885810852,-0.08522813022136688,-0.5388758182525635,0.3156723976135254,1.0,1.0
-0.2745059132575989,0.021060286089777946,0.16299767792224884,-0.06964235752820969,-0.526512861251831,0.24725966155529022,1.0,1.0
-0.27272137999534607,0.019744286313652992,0.1712246835231781,-0.055713679641485214,-0.518278956413269,0.16467928886413574,1.0,1.0
-0.271035373210907,0.019022807478904724,0.16510900855064392,-0.030754121020436287,-0.5142452120780945,0.08077378571033478,-0.0,1.0
-0.2694123685359955,0.018945345655083656,0.16081741452217102,-0.0028910846449434757,-0.512506365776062,0.034858934581279755,-0.0,1.0
-0.2678714394569397,0.019497666507959366,0.1526707410812378,0.02507803589105606,-0.5108513236045837,0.033158060163259506,-0.0,1.0
-0.2663809657096863,0.02052541822195053,0.14765985310077667,0.0461914986371994,-0.5092563629150391,0.03193414956331253,-0.0,1.0
-0.2649562954902649,0.021828899160027504,0.1406719833612442,0.05860327184200287,-0.5072094202041626,0.04095365107059479,-0.0,1.0
-0.26361140608787537,0.02323351800441742,0.13219742476940155,0.06327709555625916,-0.5046259760856628,0.051665954291820526,-0.0,1.0
-0.2623317241668701,0.024518761783838272,0.1261252611875534,0.05780383199453354,-0.5025507211685181,0.04149872437119484,-0.0,1.0
-0.26111894845962524,0.02555938810110092,0.11970648914575577,0.04682876542210579,-0.500778317451477,0.03544509783387184,-0.0,1.0
-0.25997215509414673,0.026287803426384926,0.11329005658626556,0.0328829325735569,-0.4992091953754425,0.031387969851493835,-0.0,1.0
-0.25890833139419556,0.02672668546438217,0.10482616722583771,0.020069727674126625,-0.4974515438079834,0.03516471013426781,-0.0,1.0
-0.2579061985015869,0.026921091601252556,0.09908359497785568,0.00904853641986847,-0.49616965651512146,0.02565917931497097,-0.0,1.0
-0.2569853663444519,0.02697802521288395,0.0909348651766777,0.0029397972393780947,-0.4948638081550598,0.026142695918679237,-0.0,1.0
-0.25615325570106506,0.02702866494655609,0.08200620114803314,0.002680424368008971,-0.4934958815574646,0.027384063228964806,-0.0,1.0
-0.2554003596305847,0.027150258421897888,0.07453155517578125,0.005670546088367701,-0.49262964725494385,0.0173508133739233,-0.0,1.0
-0.254739910364151,0.02741275727748871,0.06548851728439331,0.01186361350119114,-0.4919855296611786,0.012905171141028404,-0.0,1.0
-0.2541564106941223,0.027859149500727654,0.05811993405222893,0.019916286692023277,-0.49172085523605347,0.005310060456395149,-0.0,1.0
-0.25364699959754944,0.028479062020778656,0.050985775887966156,0.02753656916320324,-0.4917570650577545,-0.0007138674263842404,-0.0,1.0
-0.25316086411476135,0.029175791889429092,0.04761304706335068,0.031331662088632584,-0.49064964056015015,0.02212594449520111,-0.0,1.0
-0.2526889741420746,0.029914937913417816,0.04625731334090233,0.033187706023454666,-0.4896085858345032,0.020818090066313744,-0.0,1.0
-0.2522377371788025,0.0304400771856308,0.04029453545808792,0.02504265494644642,-0.484210342168808,0.10796654224395752,-0.0,1.0
-0.25185132026672363,0.030838975682854652,0.03480678051710129,0.01905948668718338,-0.4799235463142395,0.08575475215911865,-0.0,1.0
-0.25154584646224976,0.03112379088997841,0.027592336758971214,0.013680056668817997,-0.4766443371772766,0.06558699905872345,-0.0,1.0
-0.25130629539489746,0.03130904212594032,0.021850110962986946,0.008950993418693542,-0.4743000864982605,0.046897031366825104,-0.0,1.0
-0.2511504590511322,0.03149193152785301,0.01379789225757122,0.008736667223274708,-0.47231581807136536,0.039693135768175125,-0.0,1.0
-0.25103193521499634,0.031677041202783585,0.010151372291147709,0.008810114115476608,-0.47043049335479736,0.037698809057474136,-0.0,1.0
-0.25093287229537964,0.03190363571047783,0.008083419874310493,0.010684644803404808,-0.4684079587459564,0.040456198155879974,-0.0,1.0
-0.25082963705062866,0.03216584771871567,0.008272217586636543,0.012342332862317562,-0.466133713722229,0.04548880085349083,-0.0,1.0
-0.25072774291038513,0.03248363360762596,0.007800189312547445,0.014922259375452995,-0.463500440120697,0.052667129784822464,-0.0,1.0
-0.25062641501426697,0.03283282369375229,0.0075584216974675655,0.01637568324804306,-0.4606606364250183,0.056796230375766754,-0.0,1.0
-0.25052666664123535,0.03319946303963661,0.007296379655599594,0.01717843860387802,-0.4577091336250305,0.05902961641550064,-0.0,1.0
-0.25042206048965454,0.03354443237185478,0.00788157433271408,0.016175033524632454,-0.4548731744289398,0.05671842023730278,-0.0,1.0
-0.25031107664108276,0.033875737339258194,0.0085680540651083,0.015549266710877419,-0.45209360122680664,0.0555911585688591,-0.0,1.0
-0.25020623207092285,0.034240446984767914,0.0076759890653193,0.017125504091382027,-0.4490075409412384,0.06172262877225876,-0.0,1.0
-0.2501078248023987,0.0346207469701767,0.0070448764599859715,0.017799291759729385,-0.44593891501426697,0.06137041002511978,-0.0,1.0
-0.25001853704452515,0.03501392528414726,0.006073169410228729,0.01837705262005329,-0.4428209960460663,0.06235675886273384,-0.0,1.0
-0.2499261349439621,0.035394225269556046,0.0064440639689564705,0.017785370349884033,-0.43976709246635437,0.061076950281858444,-0.0,1.0
-0.249833345413208,0.03575149551033974,0.006606590002775192,0.016710588708519936,-0.43685829639434814,0.05817555636167526,-0.0,1.0
-0.24974966049194336,0.03611176833510399,0.005710718221962452,0.01683703064918518,-0.4339640736579895,0.057884056121110916,-0.0,1.0
-0.24966469407081604,0.03644672408699989,0.005979826208204031,0.01566365174949169,-0.43122628331184387,0.05475647374987602,-0.0,1.0
-0.24959850311279297,0.036790188401937485,0.004115174990147352,0.0160287506878376,-0.42851120233535767,0.05430241674184799,-0.0,1.0
-0.2495221644639969,0.03711463138461113,0.005204308312386274,0.015160735696554184,-0.42587193846702576,0.052785616368055344,-0.0,1.0
-0.24943605065345764,0.037431489676237106,0.006181076634675264,0.014813604764640331,-0.42323607206344604,0.052718378603458405,-0.0,1.0
-0.24937205016613007,0.037783753126859665,0.003829347435384989,0.016426987946033478,-0.4204579293727875,0.055562980473041534,-0.0,1.0
-0.24929848313331604,0.03812914714217186,0.004786659497767687,0.016114525496959686,-0.41767817735671997,0.05559482052922249,-0.0,1.0
-0.24922356009483337,0.03848520293831825,0.004842002876102924,0.016608087345957756,-0.414815753698349,0.05724773928523064,-0.0,1.0
-0.24914999306201935,0.03885449096560478,0.004620364401489496,0.017214352265000343,-0.4118655025959015,0.05900423601269722,-0.0,1.0
-0.2490963488817215,0.039236363023519516,0.0026228129863739014,0.017765965312719345,-0.4089149236679077,0.05901028588414192,-0.0,1.0
-0.24905529618263245,0.03960801288485527,0.00147498887963593,0.017274219542741776,-0.40608400106430054,0.05661725252866745,-0.0,1.0
-0.24902161955833435,0.03996606916189194,0.0008389179711230099,0.016635678708553314,-0.4033728241920471,0.0542236752808094,-0.0,1.0
-0.24898572266101837,0.040316615253686905,0.001095195533707738,0.016288595274090767,-0.400697261095047,0.0535113587975502,-0.0,1.0
-0.24895787239074707,0.040658723562955856,0.0003731141914613545,0.015881376340985298,-0.3981111943721771,0.05172207951545715,-0.0,1.0
-0.24892444908618927,0.0409962497651577,0.0009253096068277955,0.015678081661462784,-0.3955259323120117,0.051705919206142426,-0.0,1.0
-0.24890246987342834,0.04133814200758934,-0.00020100732217542827,0.01585915870964527,-0.3929590582847595,0.05133819580078125,-0.0,1.0
-0.24888882040977478,0.04168475791811943,-0.0010391094256192446,0.01606614701449871,-0.39039352536201477,0.051311541348695755,-0.0,1.0
-0.248877614736557,0.04203680530190468,-0.0013093097368255258,0.016311516985297203,-0.38779735565185547,0.05192362144589424,-0.0,1.0
-0.2489069402217865,0.04205096885561943,-0.002908474998548627,0.0006184072699397802,-0.38783860206604004,-0.0008425067062489688,-0.0,1.0
-0.2489088475704193,0.04204674810171127,-0.00018684208043850958,-0.000187424331670627,-0.3878445029258728,-0.00011743779759854078,-0.0,1.0
-0.24890312552452087,0.042045529931783676,0.0005773077136836946,-5.7446115533821285e-05,-0.3878437280654907,2.141217737516854e-05,-0.0,1.0
-0.2489001303911209,0.04204495996236801,0.00029859322239644825,-2.5923134671756998e-05,-0.38784322142601013,1.3048993423581123e-05,-0.0,1.0
-0.24889564514160156,0.042043887078762054,0.0004441044293344021,-4.891595381195657e-05,-0.3878427743911743,1.3939852578914724e-05,-0.0,1.0
-0.24889759719371796,0.042044173926115036,-0.00019013709970749915,1.2291086932236794e-05,-0.38784319162368774,-1.0597703294479288e-05,-0.0,1.0
-0.24890346825122833,0.04204581677913666,-0.0005908175371587276,7.593158079544082e-05,-0.3878434896469116,-1.269975291506853e-05,-0.0,1.0
-0.24890613555908203,0.04204624518752098,-0.00026645063189789653,1.8304768673260696e-05,-0.3878440856933594,-1.4271578038460575e-05,-0.0,1.0
-0.24889831244945526,0.04204445704817772,0.0007898472249507904,-8.416760101681575e-05,-0.38784322142601013,2.629075970617123e-05,-0.0,1.0
-0.2489016056060791,0.04204524680972099,-0.00032872374868020415,3.5881872463505715e-05,-0.3878435790538788,-1.0483251571713481e-05,-0.0,1.0
-0.2488975077867508,0.04204409942030907,0.00040867942152544856,-5.0886392273241654e-05,-0.3878433108329773,9.665304787631612e-06,-0.0,1.0
-0.2488967925310135,0.04204424470663071,6.472434324678034e-05,6.601433142350288e-06,-0.3878428637981415,9.388185389980208e-06,-0.0,1.0
-0.24890056252479553,0.04204510152339935,-0.00037092083948664367,3.942684634239413e-05,-0.3878432810306549,-1.2389287803671323e-05,-0.0,1.0
-0.24889668822288513,0.042043816298246384,0.00038784497883170843,-5.6049309932859614e-05,-0.3878432512283325,5.019946001993958e-06,-0.0,1.0
-0.24889521300792694,0.042043671011924744,0.00014356532483361661,-6.203540124261053e-06,-0.3878428339958191,9.660605428507552e-06,-0.0,1.0
-0.24890217185020447,0.042045459151268005,-0.0006956139113754034,8.130674541462213e-05,-0.38784340023994446,-1.9296490791020915e-05,-0.0,1.0
-0.2489003688097,0.04204488918185234,0.0001805179927032441,-2.538350599934347e-05,-0.38784337043762207,2.7148337267135503e-06,-0.0,1.0
-0.2489035576581955,0.042045675218105316,-0.00031756560201756656,3.442216620896943e-05,-0.38784369826316833,-1.0259153896186035e-05,-0.0,1.0
-0.24890656769275665,0.04204631969332695,-0.0002985094324685633,2.8348586056381464e-05,-0.38784411549568176,-1.1791101314884145e-05,-0.0,1.0
-0.2489052265882492,0.04204617440700531,0.00013372671674005687,-6.568549451912986e-06,-0.3878437578678131,8.58296152728144e-06,-0.0,1.0
-0.248904749751091,0.04204581677913666,4.65181001345627e-05,-1.4409542927751318e-05,-0.3878439664840698,-3.5409721022006124e-06,-0.0,1.0
-0.24890641868114471,0.04204624518752098,-0.00016466944362036884,1.9441831682343036e-05,-0.38784411549568176,-4.477244146983139e-06,-0.0,1.0
-0.24889764189720154,0.04204409942030907,0.0008863307302817702,-0.00010008284880314022,-0.3878432512283325,2.6496261853026226e-05,-0.0,1.0
-0.24889913201332092,0.04204460233449936,-0.00014625464973505586,2.3399328711093403e-05,-0.38784319162368774,-6.707734314659319e-07,-0.0,1.0
-0.24890446662902832,0.04204603284597397,-0.0005378647474572062,6.566156662302092e-05,-0.3878435790538788,-1.3427723388304003e-05,-0.0,1.0
-0.2489006072282791,0.04204481467604637,0.0,0.0,-0.3878434896469116,0.0,-0.0,1.0
-0.24890097975730896,0.04204495996236801,-3.918159200111404e-05,7.921121323306579e-06,-0.38784345984458923,7.114942377484113e-07,-0.0,1.0
-0.24890132248401642,0.04204488918185234,-3.4194508771179244e-05,-1.9722251636267174e-06,-0.38784366846084595,-4.142401849094313e-06,-0.0,1.0
-0.24890132248401642,0.04204510152339935,-1.5253979199769674e-06,1.0031721103587188e-05,-0.38784340023994446,5.256151780486107e-06,-0.0,1.0
-0.24889688193798065,0.042044028639793396,0.0004405094659887254,-4.726686529465951e-05,-0.38784292340278625,1.4486586223938502e-05,-0.0,1.0
-0.2489025592803955,0.042045459151268005,-0.0005667215446010232,6.527832738356665e-05,-0.38784340023994446,-1.6243891877820715e-05,-0.0,1.0
-0.24890689551830292,0.04204631969332695,-0.00043357358663342893,3.7175741454120725e-05,-0.38784411549568176,-1.927789162436966e-05,-0.0,1.0
-0.2489045113325119,0.04204581677913666,0.00023719700402580202,-2.2346364858094603e-05,-0.3878437578678131,9.464421054872219e-06,-0.0,1.0
-0.24890431761741638,0.04204588755965233,2.0738141756737605e-05,4.07770221499959e-06,-0.3878435492515564,4.072535830346169e-06,-0.0,1.0
-0.24889707565307617,0.042043887078762054,0.0007302110316231847,-9.13592884899117e-05,-0.3878430724143982,1.7046291759470478e-05,-0.0,1.0
-0.248897984623909,0.04204409942030907,-8.502358832629398e-05,9.702072020445485e-06,-0.38784313201904297,-2.47335628955625e-06,-0.0,1.0
-0.2488996535539627,0.04204445704817772,-0.00016610597958788276,1.620543480385095e-05,-0.3878433406352997,-6.32220326224342e-06,-0.0,1.0
-0.2488975077867508,0.042043887078762054,0.00021587587252724916,-2.531005702621769e-05,-0.38784316182136536,5.960121598036494e-06,-0.0,1.0
-0.24890422821044922,0.042045675218105316,-0.0006756476359441876,8.308274118462577e-05,-0.38784360885620117,-1.6542804587516002e-05,-0.0,1.0
-0.2488998919725418,0.04204438626766205,0.0004339737934060395,-5.781584695796482e-05,-0.38784345984458923,8.254050044342875e-06,-0.0,1.0
-0.24890193343162537,0.04204524680972099,-0.00020321516785770655,3.9039459807099774e-05,-0.3878432512283325,2.565632485129754e-06,-0.0,1.0
-0.24890652298927307,0.04204617440700531,-0.00045910076005384326,4.0123752114595845e-05,-0.3878440260887146,-2.000608219532296e-05,-0.0,1.0
-0.24890299141407013,0.042045388370752335,0.00035212759394198656,-3.633443338912912e-05,-0.3878435790538788,1.2351209079497494e-05,-0.0,1.0
-0.2488982230424881,0.04204424470663071,0.0004792168620042503,-5.188406430534087e-05,-0.3878430724143982,1.551350942463614e-05,-0.0,1.0
-0.24890127778053284,0.04204510152339935,-0.00030740012880414724,3.890677180606872e-05,-0.3878432810306549,-6.93969468557043e-06,-0.0,1.0
-0.24890422821044922,0.042045675218105316,-0.00029731326503679156,2.485013465047814e-05,-0.3878437876701355,-1.3596303688245825e-05,-0.0,1.0
-0.2489037960767746,0.04204574599862099,4.1070848965318874e-05,2.2927090412849793e-06,-0.3878435492515564,4.937494850310031e-06,-0.0,1.0
-0.24890299141407013,0.042045529931783676,7.983142859302461e-05,-1.1078497664129827e-05,-0.3878435492515564,1.267617108169361e-06,-0.0,1.0
-0.24890366196632385,0.042045675218105316,-6.486061465693638e-05,6.570715868292609e-06,-0.38784360885620117,-2.3462648641725536e-06,-0.0,1.0
-0.24889764189720154,0.04204424470663071,0.0005984529852867126,-6.652406591456383e-05,-0.3878430128097534,1.8441196516505443e-05,-0.0,1.0
-0.2488974630832672,0.04204409942030907,0.0,0.0,-0.3878430724143982,0.0,-0.0,1.0
-0.2489004135131836,0.04204481467604637,-0.0002939105615951121,3.198932972736657e-05,-0.38784337043762207,-9.404631782672368e-06,-0.0,1.0
-0.24890489876270294,0.04204610362648964,-0.00044651617645286024,5.783470260212198e-05,-0.38784360885620117,-9.366641279484611e-06,-0.0,1.0
-0.2488977015018463,0.042044028639793396,0.0007282649166882038,-9.501130261924118e-05,-0.3878432512283325,1.490211707277922e-05,-0.0,1.0
-0.24890318512916565,0.042045675218105316,-0.0005539446137845516,7.750632357783616e-05,-0.3878433406352997,-8.51693948789034e-06,-0.0,1.0
-0.2489018440246582,0.04204503074288368,0.00013454680447466671,-2.7305361072649248e-05,-0.3878435492515564,-2.4744526854192372e-06,-0.0,1.0
-0.24890518188476562,0.04204588755965233,-0.0003336115041747689,3.749950701603666e-05,-0.38784387707710266,-1.0051315257442184e-05,-0.0,1.0
-0.24890246987342834,0.04204524680972099,0.00027041620342060924,-2.803601455525495e-05,-0.3878435492515564,9.416633474756964e-06,-0.0,1.0
-0.2489032745361328,0.042045675218105316,-8.333805453730747e-05,1.749011607898865e-05,-0.38784340023994446,1.8293078483111458e-06,-0.0,1.0
-0.24890318512916565,0.042045529931783676,7.209331670310348e-06,-5.1009915296162944e-06,-0.387843519449234,-2.088167320835055e-06,-0.0,1.0
-0.2488982230424881,0.042044173926115036,0.000498112291097641,-5.9644811699399725e-05,-0.38784313201904297,1.3063608093943913e-05,-0.0,1.0
-0.24889607727527618,0.04204360023140907,0.00020982725254725665,-2.3993206923478283e-05,-0.38784295320510864,6.107617991801817e-06,-0.0,1.0
-0.2489042729139328,0.042045675218105316,-0.0008248593658208847,9.522263280814514e-05,-0.38784366846084595,-2.3529391910415143e-05,-0.0,1.0
-0.24889841675758362,0.042044173926115036,0.0005928867612965405,-7.097655907273293e-05,-0.38784322142601013,1.556861934659537e-05,-0.0,1.0
-0.24890251457691193,0.04204524680972099,-0.00041082873940467834,4.673322837334126e-05,-0.3878435790538788,-1.2090890777471941e-05,-0.0,1.0
-0.24890470504760742,0.0420459620654583,-0.00022079618065617979,3.084852505708113e-05,-0.38784363865852356,-3.4087242966052145e-06,-0.0,1.0
-0.24889931082725525,0.04204453155398369,0.0005442573456093669,-6.74816983519122e-05,-0.3878432810306549,1.3028606190346181e-05,-0.0,1.0
-0.24889430403709412,0.04204345867037773,0.0005002517718821764,-4.8943442379822955e-05,-0.38784259557724,1.8995659047504887e-05,-0.0,1.0
-0.24890127778053284,0.04204503074288368,-0.0006950073875486851,7.440642366418615e-05,-0.38784337043762207,-2.292808858328499e-05,-0.0,1.0
-0.2489064633846283,0.04204624518752098,-0.0005262845661491156,5.3733918321086094e-05,-0.3878440260887146,-1.8766048015095294e-05,-0.0,1.0
-0.24890227615833282,0.042045172303915024,0.00042139034485444427,-4.892009383183904e-05,-0.38784366846084595,1.188065652968362e-05,-0.0,1.0
-0.24890461564064026,0.04204581677913666,-0.00023204690660350025,2.985067112604156e-05,-0.3878437876701355,-4.9795262384577654e-06,-0.0,1.0
-0.24889878928661346,0.04204431548714638,0.000587745220400393,-7.047158578643575e-05,-0.3878433406352997,1.5361778423539363e-05,-0.0,1.0
-0.24889874458312988,0.04204453155398369,-1.7175634638988413e-06,1.0931621545751113e-05,-0.3878430426120758,5.720431545341853e-06,-0.0,1.0
-0.24890318512916565,0.042045675218105316,-0.00043989537516608834,4.948721471009776e-05,-0.38784345984458923,-1.3229664546088316e-05,-0.0,1.0
-0.24890413880348206,0.04204581677913666,0.0,0.0,-0.38784366846084595,0.0,-0.0,1.0
-0.24890227615833282,0.04204524680972099,0.00018601483316160738,-2.6096555302501656e-05,-0.38784360885620117,2.8204856334923534e-06,-0.0,1.0
-0.24890275299549103,0.042045604437589645,-4.9605667300056666e-05,1.728295501379762e-05,-0.3878433406352997,4.780054041475523e-06,-0.0,1.0
-0.24890169501304626,0.042045172303915024,0.0001056974651874043,-1.96470100490842e-05,-0.38784345984458923,-9.623428240956855e-07,-0.0,1.0
-0.24889831244945526,0.04204438626766205,0.00033987354254350066,-3.6441713746171445e-05,-0.3878430724143982,1.1186173651367426e-05,-0.0,1.0
-0.2489006072282791,0.04204495996236801,-0.00023019756190478802,2.564080205047503e-05,-0.3878433108329773,-7.058316441543866e-06,-0.0,1.0
-0.24889616668224335,0.042043816298246384,0.0004373089468572289,-4.9698286602506414e-05,-0.38784289360046387,1.2892368431494106e-05,-0.0,1.0
-0.248894602060318,0.04204345867037773,0.0001560927485115826,-1.539972254249733e-05,-0.38784268498420715,5.852163212693995e-06,-0.0,1.0
-0.2488943636417389,0.04204360023140907,2.495083572284784e-05,4.908300979877822e-06,-0.38784244656562805,4.885926955466857e-06,-0.0,1.0
-0.2488989382982254,0.04204467311501503,-0.0004580030217766762,4.899827763438225e-05,-0.38784295320510864,-1.5138427443162072e-05,-0.0,1.0
-0.24890494346618652,0.04204610362648964,-0.0006016401457600296,6.614800076931715e-05,-0.3878435790538788,-1.8958875443786383e-05,-0.0,1.0
-0.24890795350074768,0.04204653203487396,-0.00029882745002396405,2.0161192878731526e-05,-0.3878442049026489,-1.6210382455028594e-05,-0.0,1.0
-0.24890103936195374,0.04204503074288368,0.0006962931947782636,-6.981617480050772e-05,-0.3878432810306549,2.5523575459374115e-05,-0.0,1.0
-0.24889889359474182,0.04204453155398369,0.00020843767561018467,-2.1385474610724486e-05,-0.3878430426120758,7.404333246086026e-06,-0.0,1.0
-0.24889931082725525,0.0420447438955307,-4.2596970160957426e-05,8.866391908668447e-06,-0.38784295320510864,9.038758435053751e-07,-0.0,1.0
-0.24889545142650604,0.04204360023140907,0.000385347317205742,-5.236888682702556e-05,-0.3878428339958191,6.7401715568848886e-06,-0.0,1.0
-0.2489027976989746,0.042045529931783676,-0.0007382056792266667,8.975895616458729e-05,-0.38784337043762207,-1.8608518075780012e-05,-0.0,1.0
-0.24890188872814178,0.04204503074288368,9.101519390242174e-05,-2.1553092665271834e-05,-0.38784360885620117,-3.3300552786386106e-06,-0.0,1.0
-0.24889859557151794,0.04204424470663071,0.0003295022470410913,-3.365555312484503e-05,-0.38784319162368774,1.1758866094169207e-05,-0.0,1.0
-0.2488965094089508,0.042043816298246384,0.00020717627194244415,-2.017090992012527e-05,-0.38784292340278625,7.92186074249912e-06,-0.0,1.0
-0.2488955557346344,0.042043741792440414,9.420016431249678e-05,-3.434809059399413e-06,-0.38784265518188477,6.664637567155296e-06,-0.0,1.0
-0.24890346825122833,0.042045675218105316,-0.0007940866053104401,8.81855667103082e-05,-0.38784343004226685,-2.448792292852886e-05,-0.0,1.0
-0.24890699982643127,0.04204624518752098,-0.0003551169065758586,2.660308382473886e-05,-0.38784414529800415,-1.785988933988847e-05,-0.0,1.0
-0.2489071786403656,0.04204646125435829,-2.08646943065105e-05,9.598379620001651e-06,-0.3878439962863922,3.254549028497422e-06,-0.0,1.0
-0.24890494346618652,0.04204574599862099,0.0002260137116536498,-3.0389095627469942e-05,-0.38784390687942505,4.18001309299143e-06,-0.0,1.0
-0.24889659881591797,0.042043816298246384,0.0,0.0,-0.38784295320510864,0.0,-0.0,1.0
-0.24890264868736267,0.042045172303915024,-0.0006056991405785084,6.498418224509805e-05,-0.38784360885620117,-1.991417957469821e-05,-0.0,1.0
-0.24890275299549103,0.042045317590236664,-1.0441793165227864e-05,6.072249561839271e-06,-0.3878434896469116,2.317459120604326e-06,-0.0,1.0
-0.24890270829200745,0.04204524680972099,5.888435225642752e-06,-3.537553311616648e-06,-0.3878435492515564,-1.3544673720389255e-06,-0.0,1.0
-0.2489835715293884,0.04204431548714638,0.00042793533066287637,-4.1518556827213615e-05,-0.38784295320510864,1.6428199160145596e-05,-0.0,1.0
